business_code,business_name,industry_id,industry_name,mapping_rule,version
CA02010,金屬結構及建築組件製造業,IND_MFG,智慧製造與精密機械,EXACT_CODE,v1.0
CB01010,機械設備製造業,IND_MFG,智慧製造與精密機械,EXACT_CODE,v1.0
CB01020,事務機械設備製造業,IND_MFG,智慧製造與精密機械,EXACT_CODE,v1.0
CB01030,污染防治設備製造業,IND_MFG,智慧製造與精密機械,EXACT_CODE,v1.0
CB01990,其他機械製造業,IND_MFG,智慧製造與精密機械,EXACT_CODE,v1.0
CC01080,電子零組件製造業,IND_MFG,智慧製造與精密機械,EXACT_CODE,v1.0
CD01030,汽車及其零件製造業,IND_MFG,智慧製造與精密機械,EXACT_CODE,v1.0
CD01040,機車及其零件製造業,IND_MFG,智慧製造與精密機械,EXACT_CODE,v1.0
CD01060,航空器及其零件製造業,IND_MFG,智慧製造與精密機械,EXACT_CODE,v1.0
F113010,機械器具批發業,IND_MFG,智慧製造與精密機械,EXACT_CODE,v1.0
F213080,機械器具零售業,IND_MFG,智慧製造與精密機械,EXACT_CODE,v1.0
I301010,資訊軟體服務業,IND_ICT,資訊軟體與數位科技,EXACT_CODE,v1.0
I301020,資料處理服務業,IND_ICT,資訊軟體與數位科技,EXACT_CODE,v1.0
I301030,電子資訊供應服務業,IND_ICT,資訊軟體與數位科技,EXACT_CODE,v1.0
IZ13010,網路認證服務業,IND_ICT,資訊軟體與數位科技,EXACT_CODE,v1.0
F118010,資訊軟體批發業,IND_ICT,資訊軟體與數位科技,EXACT_CODE,v1.0
F218010,資訊軟體零售業,IND_ICT,資訊軟體與數位科技,EXACT_CODE,v1.0
CC01110,電腦及其週邊設備製造業,IND_SEM,半導體與綠能科技,EXACT_CODE,v1.0
CC01120,數據儲存及處理設備製造業,IND_SEM,半導體與綠能科技,EXACT_CODE,v1.0
D101060,再生能源自用發電設備業,IND_SEM,半導體與綠能科技,EXACT_CODE,v1.0
E601010,電器承裝業,IND_SEM,半導體與綠能科技,EXACT_CODE,v1.0
IG03010,能源技術服務業,IND_SEM,半導體與綠能科技,EXACT_CODE,v1.0
CF01010,醫療器材製造業,IND_BIOMED,生技醫療與精準健康,EXACT_CODE,v1.0
C802040,西藥製造業,IND_BIOMED,生技醫療與精準健康,EXACT_CODE,v1.0
F108031,醫療器材批發業,IND_BIOMED,生技醫療與精準健康,EXACT_CODE,v1.0
F208031,醫療器材零售業,IND_BIOMED,生技醫療與精準健康,EXACT_CODE,v1.0
IG01010,生物技術服務業,IND_BIOMED,生技醫療與精準健康,EXACT_CODE,v1.0
IZ09010,臨床試驗服務業,IND_BIOMED,生技醫療與精準健康,EXACT_CODE,v1.0
I102010,投資顧問業,IND_PRO_FIN,專業商管與金融服務,EXACT_CODE,v1.0
I103010,企業管理顧問業,IND_PRO_FIN,專業商管與金融服務,EXACT_CODE,v1.0
IZ12010,人力派遣業,IND_PRO_FIN,專業商管與金融服務,EXACT_CODE,v1.0
I401010,一般廣告服務業,IND_PRO_FIN,專業商管與金融服務,EXACT_CODE,v1.0
H701010,租賃業,IND_PRO_FIN,專業商管與金融服務,EXACT_CODE,v1.0
I101010,投資商業及會計服務業,IND_PRO_FIN,專業商管與金融服務,EXACT_CODE,v1.0
F401010,國際貿易業,IND_TRADE_LOG,國際貿易與現代物流,EXACT_CODE,v1.0
G801010,倉儲業,IND_TRADE_LOG,國際貿易與現代物流,EXACT_CODE,v1.0
G101010,汽車貨運業,IND_TRADE_LOG,國際貿易與現代物流,EXACT_CODE,v1.0
G201010,水上運輸業,IND_TRADE_LOG,國際貿易與現代物流,EXACT_CODE,v1.0
F101040,批發業,IND_TRADE_LOG,國際貿易與現代物流,EXACT_CODE,v1.0
J503010,廣播電視節目製作及發行業,IND_TOUR_CULT,數位文創與觀光休閒,EXACT_CODE,v1.0
I501010,產品設計業,IND_TOUR_CULT,數位文創與觀光休閒,EXACT_CODE,v1.0
J701010,電子遊戲場業,IND_TOUR_CULT,數位文創與觀光休閒,EXACT_CODE,v1.0
J901010,觀光旅館業,IND_TOUR_CULT,數位文創與觀光休閒,EXACT_CODE,v1.0
J601010,藝文展演服務業,IND_TOUR_CULT,數位文創與觀光休閒,EXACT_CODE,v1.0
IZ15010,會議及展覽服務業,IND_TOUR_CULT,數位文創與觀光休閒,EXACT_CODE,v1.0
