學年度,全國大專新生總人數(萬人),統測商管群考生數(萬人),中部商管生源池(人),中科國貿_日間錄取均分預估,中科國貿_純日間註冊防護率預估(%)
113,18.8,1.43,3146,72.04,99.4%
114,18.4,1.4,3080,71.78,99.4%
115,17.9,1.36,2992,71.44,99.4%
116,16.8,1.28,2816,70.75,99.0%
117,15.6,1.19,2618,69.98,98.0%
118,16.1,1.22,2684,70.24,98.4%
119,16.5,1.25,2750,70.49,98.8%
120,16.4,1.25,2750,70.49,98.8%
121,16.0,1.22,2684,70.24,98.4%
122,15.6,1.19,2618,69.98,98.0%
123,15.3,1.16,2552,69.72,97.6%
124,15.1,1.15,2530,69.64,97.5%
125,14.9,1.13,2485,69.46,97.2%
126,14.8,1.12,2464,69.38,97.1%
127,14.8,1.12,2464,69.38,97.1%
128,14.8,1.12,2464,69.38,97.1%
