"學年度","學校代碼","學校名稱","日間∕進修別","等級別","總計","男生計","女生計","華語先修生男","華語先修生女","一年級男","一年級女","二年級男","二年級女","三年級男","三年級女","四年級男","四年級女","五年級男","五年級女","六年級男","六年級女","七年級男","七年級女","延修生男","延修生女","縣市名稱","體系別"
113,0001,國立政治大學,D 日,D 博士,897,482,415,0,0,77,65,79,62,67,61,79,62,61,62,47,59,72,44,0,0,30 臺北市,1 一般
113,0001,國立政治大學,D 日,M 碩士,4337,1904,2433,0,0,659,810,614,818,375,473,253,331,2,0,1,1,0,0,0,0,30 臺北市,1 一般
113,0001,國立政治大學,N 職,M 碩士,1864,902,962,0,0,264,290,277,296,174,184,117,129,70,63,0,0,0,0,0,0,30 臺北市,1 一般
113,0001,國立政治大學,D 日,B 學士,9801,3991,5810,0,0,920,1269,905,1349,871,1373,920,1351,0,0,0,0,0,0,375,468,30 臺北市,1 一般
113,0002,國立清華大學,D 日,D 博士,1661,1158,503,0,0,240,90,196,84,206,82,171,81,127,62,93,49,125,55,0,0,18 新竹市,1 一般
113,0002,國立清華大學,D 日,M 碩士,5886,3513,2373,0,0,1357,872,1296,876,607,377,249,233,4,14,0,1,0,0,0,0,18 新竹市,1 一般
113,0002,國立清華大學,N 職,M 碩士,1415,517,898,0,0,207,278,187,267,55,149,36,99,28,68,0,4,4,33,0,0,18 新竹市,1 一般
113,0002,國立清華大學,D 日,B 學士,9307,5059,4248,0,0,1209,1007,1178,999,1204,1025,1184,961,0,0,0,0,0,0,284,256,18 新竹市,1 一般
113,0003,國立臺灣大學,D 日,D 博士,3779,2494,1285,0,0,441,266,431,214,382,196,407,212,316,159,236,103,281,135,0,0,30 臺北市,1 一般
113,0003,國立臺灣大學,D 日,M 碩士,11647,6893,4754,0,0,2597,1825,2533,1683,1120,785,643,461,0,0,0,0,0,0,0,0,30 臺北市,1 一般
113,0003,國立臺灣大學,N 職,M 碩士,1629,970,659,0,0,322,246,310,226,137,91,89,32,52,28,60,36,0,0,0,0,30 臺北市,1 一般
113,0003,國立臺灣大學,D 日,B 學士,17432,9688,7744,0,0,2147,1760,2199,1727,2133,1725,2085,1615,186,139,158,88,0,1,780,689,30 臺北市,1 一般
113,0004,國立臺灣師範大學,D 日,D 博士,1297,602,695,0,0,117,115,101,123,105,108,99,111,64,99,57,57,59,82,0,0,30 臺北市,3 師範
113,0004,國立臺灣師範大學,D 日,M 碩士,4407,1868,2539,0,0,664,891,602,778,381,504,221,366,0,0,0,0,0,0,0,0,30 臺北市,3 師範
113,0004,國立臺灣師範大學,N 職,M 碩士,2333,716,1617,0,0,249,478,202,496,132,311,62,162,40,110,31,60,0,0,0,0,30 臺北市,3 師範
113,0004,國立臺灣師範大學,D 日,B 學士,8587,3899,4688,0,0,928,1130,921,1092,873,1065,863,1038,0,0,0,0,0,0,314,363,30 臺北市,3 師範
113,0005,國立成功大學,D 日,D 博士,1929,1276,653,0,0,259,135,211,122,210,97,206,115,151,93,132,49,107,42,0,0,21 臺南市,1 一般
113,0005,國立成功大學,D 日,M 碩士,7625,4909,2716,0,0,2121,1095,1968,1106,592,357,225,149,3,7,0,0,0,2,0,0,21 臺南市,1 一般
113,0005,國立成功大學,N 職,M 碩士,1603,915,688,0,0,299,252,257,227,186,116,105,65,67,28,1,0,0,0,0,0,21 臺南市,1 一般
113,0005,國立成功大學,D 日,B 學士,12224,7449,4775,0,0,1723,1146,1686,1160,1716,1077,1714,1033,104,88,76,40,0,0,430,231,21 臺南市,1 一般
113,0006,國立中興大學,D 日,D 博士,1058,688,370,0,0,123,67,109,68,113,59,105,58,80,40,61,29,97,49,0,0,19 臺中市,1 一般
113,0006,國立中興大學,D 日,M 碩士,3969,2348,1621,0,0,988,675,940,658,305,213,114,72,1,3,0,0,0,0,0,0,19 臺中市,1 一般
113,0006,國立中興大學,N 職,M 碩士,1777,1134,643,0,0,385,240,360,227,174,92,138,44,77,40,0,0,0,0,0,0,19 臺中市,1 一般
113,0006,國立中興大學,D 日,B 學士,8232,4632,3600,0,0,1093,842,1081,843,1078,894,1131,842,39,36,0,0,0,0,210,143,19 臺中市,1 一般
113,0006,國立中興大學,P 進,B 學士,809,342,467,0,0,77,103,68,99,74,119,71,96,38,42,0,0,0,0,14,8,19 臺中市,1 一般
113,0007,國立陽明交通大學,D 日,D 博士,2637,1781,856,0,0,372,200,318,128,267,149,261,114,193,104,160,89,210,72,0,0,18 新竹市,1 一般
113,0007,國立陽明交通大學,D 日,M 碩士,8725,5480,3245,0,0,1942,1200,1814,1160,1279,664,442,218,3,3,0,0,0,0,0,0,18 新竹市,1 一般
113,0007,國立陽明交通大學,N 職,M 碩士,1984,1236,748,0,0,375,266,373,254,217,119,172,63,99,46,0,0,0,0,0,0,18 新竹市,1 一般
113,0007,國立陽明交通大學,D 日,B 學士,8771,5600,3171,0,0,1342,768,1301,671,1179,697,1240,673,142,117,133,127,9,0,254,118,18 新竹市,1 一般
113,0008,國立中央大學,D 日,D 博士,905,610,295,0,0,120,67,105,47,102,51,99,47,69,30,48,20,67,33,0,0,03 桃園市,1 一般
113,0008,國立中央大學,D 日,M 碩士,3898,2543,1355,0,0,1109,584,966,507,333,185,135,78,0,1,0,0,0,0,0,0,03 桃園市,1 一般
113,0008,國立中央大學,N 職,M 碩士,1485,901,584,0,0,330,222,301,229,126,73,86,40,57,20,1,0,0,0,0,0,03 桃園市,1 一般
113,0008,國立中央大學,D 日,B 學士,6275,3876,2399,0,0,934,577,920,611,932,563,950,559,0,0,0,0,0,0,140,89,03 桃園市,1 一般
113,0009,國立中山大學,D 日,D 博士,859,535,324,0,0,122,77,101,62,85,53,85,50,64,35,38,26,40,21,0,0,50 高雄市,1 一般
113,0009,國立中山大學,D 日,M 碩士,3978,2485,1493,0,0,997,595,882,519,453,278,153,101,0,0,0,0,0,0,0,0,50 高雄市,1 一般
113,0009,國立中山大學,N 職,M 碩士,978,489,489,0,0,178,179,188,169,51,57,28,44,20,16,24,24,0,0,0,0,50 高雄市,1 一般
113,0009,國立中山大學,D 日,B 學士,5133,3088,2045,0,0,744,487,731,474,719,493,709,461,0,0,0,0,0,0,185,130,50 高雄市,1 一般
113,0012,國立臺灣海洋大學,D 日,D 博士,341,233,108,0,0,46,23,35,22,26,11,30,15,33,11,27,13,36,13,0,0,17 基隆市,1 一般
113,0012,國立臺灣海洋大學,D 日,M 碩士,1599,1034,565,0,0,418,243,419,211,123,62,39,19,18,17,16,11,1,2,0,0,17 基隆市,1 一般
113,0012,國立臺灣海洋大學,N 職,M 碩士,598,326,272,0,0,105,101,102,83,57,43,24,19,21,13,12,6,5,7,0,0,17 基隆市,1 一般
113,0012,國立臺灣海洋大學,D 日,B 學士,6061,4108,1953,0,0,968,497,982,453,992,468,969,482,0,0,0,0,0,0,197,53,17 基隆市,1 一般
113,0012,國立臺灣海洋大學,P 進,B 學士,503,355,148,0,0,132,41,120,35,38,41,40,20,0,0,0,0,0,0,25,11,17 基隆市,1 一般
113,0013,國立中正大學,D 日,D 博士,558,346,212,0,0,66,35,57,30,51,34,45,33,38,24,39,29,50,27,0,0,10 嘉義縣,1 一般
113,0013,國立中正大學,D 日,M 碩士,2908,1701,1207,0,0,716,434,662,435,209,215,110,119,4,4,0,0,0,0,0,0,10 嘉義縣,1 一般
113,0013,國立中正大學,N 職,M 碩士,1468,621,847,0,0,216,291,176,288,91,119,74,84,64,65,0,0,0,0,0,0,10 嘉義縣,1 一般
113,0013,國立中正大學,D 日,B 學士,6619,3552,3067,0,0,869,699,827,756,844,771,865,737,0,0,0,0,0,0,147,104,10 嘉義縣,1 一般
113,0014,國立高雄師範大學,D 日,D 博士,442,220,222,0,0,34,34,34,35,30,42,26,30,27,27,21,19,48,35,0,0,50 高雄市,3 師範
113,0014,國立高雄師範大學,D 日,M 碩士,1600,580,1020,0,0,171,273,178,276,109,231,90,145,16,47,9,33,7,15,0,0,50 高雄市,3 師範
113,0014,國立高雄師範大學,N 職,M 碩士,1341,486,855,0,0,157,256,158,301,72,121,46,73,30,50,23,54,0,0,0,0,50 高雄市,3 師範
113,0014,國立高雄師範大學,D 日,B 學士,3879,1900,1979,0,0,438,493,424,468,479,476,458,458,0,0,0,0,0,0,101,84,50 高雄市,3 師範
113,0015,國立彰化師範大學,D 日,D 博士,462,267,195,0,0,49,33,39,34,41,28,32,27,41,25,26,23,39,25,0,0,07 彰化縣,3 師範
113,0015,國立彰化師範大學,D 日,M 碩士,1767,909,858,0,0,341,307,316,255,150,159,96,124,4,9,2,4,0,0,0,0,07 彰化縣,3 師範
113,0015,國立彰化師範大學,N 職,M 碩士,1304,512,792,0,0,178,239,186,240,59,85,25,80,30,62,34,86,0,0,0,0,07 彰化縣,3 師範
113,0015,國立彰化師範大學,D 日,B 學士,5091,2746,2345,9,3,686,577,622,590,681,559,616,550,0,0,0,0,0,0,132,66,07 彰化縣,3 師範
113,0017,國立臺北大學,D 日,D 博士,206,138,68,0,0,26,13,19,10,24,9,16,7,21,14,16,5,16,10,0,0,01 新北市,1 一般
113,0017,國立臺北大學,D 日,M 碩士,1543,764,779,0,0,297,276,249,257,125,153,90,90,3,3,0,0,0,0,0,0,01 新北市,1 一般
113,0017,國立臺北大學,N 職,M 碩士,614,290,324,0,0,116,121,110,116,32,48,20,30,12,9,0,0,0,0,0,0,01 新北市,1 一般
113,0017,國立臺北大學,D 日,B 學士,6068,2758,3310,0,0,684,835,647,829,640,753,665,755,0,0,0,0,0,0,122,138,01 新北市,1 一般
113,0017,國立臺北大學,P 進,B 學士,1711,756,955,0,0,182,222,191,203,160,220,157,250,0,0,0,0,0,0,66,60,01 新北市,1 一般
113,0018,國立嘉義大學,D 日,D 博士,196,118,78,0,0,20,12,19,14,20,16,15,11,11,9,14,7,19,9,0,0,20 嘉義市,1 一般
113,0018,國立嘉義大學,D 日,M 碩士,1208,557,651,0,0,193,220,194,223,90,119,80,89,0,0,0,0,0,0,0,0,20 嘉義市,1 一般
113,0018,國立嘉義大學,N 職,M 碩士,904,364,540,0,0,122,195,123,170,46,59,73,116,0,0,0,0,0,0,0,0,20 嘉義市,1 一般
113,0018,國立嘉義大學,D 日,B 學士,7519,3781,3738,0,0,892,992,936,909,902,825,887,916,32,18,0,0,0,0,132,78,20 嘉義市,1 一般
113,0018,國立嘉義大學,P 進,B 學士,1522,923,599,0,0,189,141,217,123,220,147,225,152,0,0,0,0,0,0,72,36,20 嘉義市,1 一般
113,0019,國立高雄大學,D 日,D 博士,20,15,5,0,0,1,2,2,1,2,1,3,0,3,1,3,0,1,0,0,0,50 高雄市,1 一般
113,0019,國立高雄大學,D 日,M 碩士,693,438,255,0,0,156,105,154,80,79,45,49,25,0,0,0,0,0,0,0,0,50 高雄市,1 一般
113,0019,國立高雄大學,N 職,M 碩士,591,368,223,0,0,105,71,91,68,72,33,49,31,27,9,24,11,0,0,0,0,50 高雄市,1 一般
113,0019,國立高雄大學,D 日,B 學士,4760,2751,2009,8,13,654,512,647,483,629,463,620,448,15,12,0,0,0,0,178,78,50 高雄市,1 一般
113,0019,國立高雄大學,N 修,C 二技,128,69,59,0,0,0,0,0,0,31,21,22,20,0,0,0,0,0,0,16,18,50 高雄市,2 技職
113,0020,國立東華大學,D 日,D 博士,405,224,181,0,0,53,34,38,23,33,38,36,32,22,19,22,10,20,25,0,0,15 花蓮縣,1 一般
113,0020,國立東華大學,D 日,M 碩士,1489,720,769,0,0,257,255,225,204,115,155,102,115,8,21,10,19,3,0,0,0,15 花蓮縣,1 一般
113,0020,國立東華大學,N 職,M 碩士,540,182,358,0,0,53,126,45,81,35,64,21,37,17,30,11,20,0,0,0,0,15 花蓮縣,1 一般
113,0020,國立東華大學,D 日,B 學士,7832,3877,3955,0,0,927,838,904,968,885,952,863,963,0,0,0,0,0,0,298,234,15 花蓮縣,1 一般
113,0021,國立暨南國際大學,D 日,D 博士,348,175,173,0,0,24,38,28,16,32,37,27,26,18,18,15,15,31,23,0,0,08 南投縣,1 一般
113,0021,國立暨南國際大學,D 日,M 碩士,877,413,464,0,0,154,143,134,122,77,98,38,72,3,15,7,14,0,0,0,0,08 南投縣,1 一般
113,0021,國立暨南國際大學,N 職,M 碩士,485,161,324,0,0,54,103,56,104,20,56,13,28,11,19,7,14,0,0,0,0,08 南投縣,1 一般
113,0021,國立暨南國際大學,D 日,B 學士,4925,2408,2517,3,3,582,628,564,611,577,578,558,612,0,0,0,0,0,0,124,85,08 南投縣,1 一般
113,0022,國立臺灣科技大學,D 日,D 博士,1023,730,293,0,0,167,70,182,74,143,63,87,29,53,29,53,17,45,11,0,0,30 臺北市,2 技職
113,0022,國立臺灣科技大學,D 日,M 碩士,4298,2889,1409,0,0,1341,672,1132,554,327,151,89,31,0,1,0,0,0,0,0,0,30 臺北市,2 技職
113,0022,國立臺灣科技大學,N 職,M 碩士,837,508,329,0,0,194,139,191,126,74,41,44,19,4,3,1,1,0,0,0,0,30 臺北市,2 技職
113,0022,國立臺灣科技大學,D 日,B 四技,5642,3931,1711,0,0,995,466,926,415,946,390,901,390,0,0,0,0,0,0,163,50,30 臺北市,2 技職
113,0022,國立臺灣科技大學,D 日,C 二技,49,8,41,0,0,0,0,0,0,6,15,1,19,0,0,0,0,0,0,1,7,30 臺北市,2 技職
113,0023,國立雲林科技大學,D 日,D 博士,443,266,177,0,0,66,36,44,30,50,27,38,23,31,22,19,14,18,25,0,0,09 雲林縣,2 技職
113,0023,國立雲林科技大學,D 日,M 碩士,2223,1436,787,0,0,644,311,571,297,162,134,58,45,1,0,0,0,0,0,0,0,09 雲林縣,2 技職
113,0023,國立雲林科技大學,N 職,M 碩士,749,426,323,0,0,140,116,130,116,85,58,38,18,33,15,0,0,0,0,0,0,09 雲林縣,2 技職
113,0023,國立雲林科技大學,D 日,B 四技,6610,4051,2559,0,0,1011,667,1028,643,914,593,944,559,0,0,0,0,0,0,154,97,09 雲林縣,2 技職
113,0023,國立雲林科技大學,N 修,B 四技,263,128,135,0,0,27,28,32,26,24,34,36,34,0,0,0,0,0,0,9,13,09 雲林縣,2 技職
113,0023,國立雲林科技大學,D 日,C 二技,182,80,102,0,0,0,0,0,0,28,50,37,47,0,0,0,0,0,0,15,5,09 雲林縣,2 技職
113,0024,國立屏東科技大學,D 日,D 博士,256,165,91,0,0,33,21,25,12,25,15,23,18,18,9,13,7,28,9,0,0,13 屏東縣,2 技職
113,0024,國立屏東科技大學,D 日,M 碩士,1069,595,474,0,0,247,215,225,169,77,61,38,23,6,4,2,2,0,0,0,0,13 屏東縣,2 技職
113,0024,國立屏東科技大學,N 職,M 碩士,235,135,100,0,0,55,55,45,31,16,6,5,3,9,2,5,3,0,0,0,0,13 屏東縣,2 技職
113,0024,國立屏東科技大學,D 日,B 四技,7370,4097,3273,0,0,1002,795,959,771,929,751,962,785,30,45,0,0,0,0,215,126,13 屏東縣,2 技職
113,0024,國立屏東科技大學,N 修,B 四技,1073,751,322,0,0,152,56,175,64,147,70,200,108,0,0,0,0,0,0,77,24,13 屏東縣,2 技職
113,0025,國立臺北科技大學,D 日,D 博士,763,549,214,0,0,76,49,96,30,91,39,94,34,53,21,52,15,87,26,0,0,30 臺北市,2 技職
113,0025,國立臺北科技大學,D 日,M 碩士,3632,2605,1027,0,0,1127,428,1079,408,296,137,103,54,0,0,0,0,0,0,0,0,30 臺北市,2 技職
113,0025,國立臺北科技大學,N 職,M 碩士,1643,1118,525,0,0,390,197,324,171,192,82,121,42,61,21,29,11,1,1,0,0,30 臺北市,2 技職
113,0025,國立臺北科技大學,D 日,B 四技,6392,4394,1998,0,0,1050,495,1078,501,1009,475,1060,433,0,0,0,0,0,0,197,94,30 臺北市,2 技職
113,0025,國立臺北科技大學,N 修,B 四技,892,747,145,0,0,128,14,153,34,190,30,227,62,0,0,0,0,0,0,49,5,30 臺北市,2 技職
113,0025,國立臺北科技大學,D 日,C 二技,12,9,3,0,0,0,0,0,0,2,1,4,2,0,0,0,0,0,0,3,0,30 臺北市,2 技職
113,0025,國立臺北科技大學,D 日,5 五專,159,131,28,0,0,28,6,26,6,27,6,21,3,26,5,0,0,0,0,3,2,30 臺北市,2 技職
113,0028,國立臺北藝術大學,D 日,D 博士,138,63,75,0,0,12,15,8,12,8,6,10,6,10,8,9,15,6,13,0,0,30 臺北市,1 一般
113,0028,國立臺北藝術大學,D 日,M 碩士,1021,387,634,0,0,110,185,105,161,92,164,80,124,0,0,0,0,0,0,0,0,30 臺北市,1 一般
113,0028,國立臺北藝術大學,N 職,M 碩士,189,61,128,0,0,16,38,17,36,13,28,8,14,7,12,0,0,0,0,0,0,30 臺北市,1 一般
113,0028,國立臺北藝術大學,D 日,B 學士,1789,648,1141,0,0,131,268,147,247,139,241,130,254,0,0,0,0,0,0,101,131,30 臺北市,1 一般
113,0028,國立臺北藝術大學,D 日,5 七年,76,34,42,0,0,15,15,10,13,9,14,0,0,0,0,0,0,0,0,0,0,30 臺北市,1 一般
113,0029,國立臺灣藝術大學,D 日,D 博士,161,80,81,0,0,12,17,14,11,22,13,11,12,5,10,8,8,8,10,0,0,01 新北市,1 一般
113,0029,國立臺灣藝術大學,D 日,M 碩士,775,287,488,0,0,71,140,74,140,76,113,66,95,0,0,0,0,0,0,0,0,01 新北市,1 一般
113,0029,國立臺灣藝術大學,N 職,M 碩士,362,139,223,0,0,42,59,34,49,30,46,10,45,14,15,9,9,0,0,0,0,01 新北市,1 一般
113,0029,國立臺灣藝術大學,D 日,B 學士,2419,693,1726,0,0,152,412,155,403,142,401,154,354,0,0,0,0,0,0,90,156,01 新北市,1 一般
113,0029,國立臺灣藝術大學,P 進,B 學士,1510,475,1035,0,0,106,230,98,231,109,221,96,254,0,0,0,0,0,0,66,99,01 新北市,1 一般
113,0029,國立臺灣藝術大學,N 修,C 二技,312,65,247,0,0,0,0,0,0,31,93,21,98,0,0,0,0,0,0,13,56,01 新北市,2 技職
113,0030,國立臺東大學,D 日,D 博士,54,22,32,0,0,4,9,10,3,2,7,2,3,2,2,1,2,1,6,0,0,14 臺東縣,1 一般
113,0030,國立臺東大學,D 日,M 碩士,360,149,211,0,0,55,72,50,62,21,43,16,26,7,7,0,1,0,0,0,0,14 臺東縣,1 一般
113,0030,國立臺東大學,N 職,M 碩士,690,179,511,0,0,58,194,64,141,18,65,19,48,11,29,8,20,1,14,0,0,14 臺東縣,1 一般
113,0030,國立臺東大學,D 日,B 學士,3603,1873,1730,0,0,486,418,460,438,400,363,410,438,0,0,0,0,0,0,117,73,14 臺東縣,1 一般
113,0030,國立臺東大學,P 進,B 學士,221,93,128,0,0,22,33,17,46,14,12,30,24,0,0,0,0,0,0,10,13,14 臺東縣,1 一般
113,0030,國立臺東大學,N 修,C 二技,120,36,84,0,0,0,0,0,0,19,49,16,35,0,0,0,0,0,0,1,0,14 臺東縣,2 技職
113,0031,國立宜蘭大學,D 日,D 博士,13,9,4,0,0,2,2,0,1,1,0,3,1,0,0,2,0,1,0,0,0,02 宜蘭縣,1 一般
113,0031,國立宜蘭大學,D 日,M 碩士,545,345,200,0,0,142,82,127,74,40,36,29,6,5,2,2,0,0,0,0,0,02 宜蘭縣,1 一般
113,0031,國立宜蘭大學,N 職,M 碩士,154,109,45,0,0,34,15,34,16,15,8,12,4,8,1,6,1,0,0,0,0,02 宜蘭縣,1 一般
113,0031,國立宜蘭大學,D 日,B 學士,4375,2808,1567,0,0,701,382,690,365,621,383,697,401,0,0,0,0,0,0,99,36,02 宜蘭縣,1 一般
113,0031,國立宜蘭大學,P 進,B 學士,360,237,123,0,0,55,35,48,30,61,21,56,25,0,0,0,0,0,0,17,12,02 宜蘭縣,1 一般
113,0032,國立聯合大學,D 日,D 博士,26,21,5,0,0,5,1,4,1,1,2,4,0,2,1,4,0,1,0,0,0,05 苗栗縣,1 一般
113,0032,國立聯合大學,D 日,M 碩士,478,335,143,0,0,142,66,128,51,49,14,14,10,2,2,0,0,0,0,0,0,05 苗栗縣,1 一般
113,0032,國立聯合大學,N 職,M 碩士,57,32,25,0,0,11,15,20,7,1,3,0,0,0,0,0,0,0,0,0,0,05 苗栗縣,1 一般
113,0032,國立聯合大學,D 日,B 學士,6067,4249,1818,0,0,1021,452,1034,440,971,414,991,458,16,25,0,0,0,0,216,29,05 苗栗縣,1 一般
113,0032,國立聯合大學,P 進,B 學士,966,735,231,0,0,178,43,185,48,176,62,143,62,0,0,0,0,0,0,53,16,05 苗栗縣,1 一般
113,0033,國立虎尾科技大學,D 日,D 博士,58,44,14,0,0,13,5,9,2,5,4,6,2,6,1,4,0,1,0,0,0,09 雲林縣,2 技職
113,0033,國立虎尾科技大學,D 日,M 碩士,1190,991,199,0,0,486,108,382,66,95,21,28,4,0,0,0,0,0,0,0,0,09 雲林縣,2 技職
113,0033,國立虎尾科技大學,N 職,M 碩士,195,123,72,0,0,41,31,41,29,20,8,14,1,7,3,0,0,0,0,0,0,09 雲林縣,2 技職
113,0033,國立虎尾科技大學,D 日,B 四技,7524,5756,1768,0,0,1466,440,1408,478,1360,390,1327,430,0,0,0,0,0,0,195,30,09 雲林縣,2 技職
113,0033,國立虎尾科技大學,N 修,B 四技,2120,1749,371,0,0,503,114,401,81,356,75,396,83,0,0,0,0,0,0,93,18,09 雲林縣,2 技職
113,0033,國立虎尾科技大學,D 日,C 二技,223,194,29,0,0,0,0,0,0,100,10,86,18,0,0,0,0,0,0,8,1,09 雲林縣,2 技職
113,0033,國立虎尾科技大學,N 修,C 二技,181,123,58,0,0,0,0,0,0,61,34,58,23,0,0,0,0,0,0,4,1,09 雲林縣,2 技職
113,0033,國立虎尾科技大學,D 日,2 二專,80,80,0,0,0,36,0,32,0,0,0,0,0,0,0,0,0,0,0,12,0,09 雲林縣,2 技職
113,0033,國立虎尾科技大學,D 日,5 五專,404,349,55,0,0,80,10,74,13,66,14,52,10,69,8,0,0,0,0,8,0,09 雲林縣,2 技職
113,0035,國立臺南藝術大學,D 日,D 博士,73,30,43,0,0,6,8,2,10,2,12,9,5,5,4,2,1,4,3,0,0,11 臺南市,1 一般
113,0035,國立臺南藝術大學,D 日,M 碩士,554,215,339,0,0,49,99,48,89,54,78,62,64,1,5,0,2,1,2,0,0,11 臺南市,1 一般
113,0035,國立臺南藝術大學,N 職,M 碩士,46,8,38,0,0,2,13,1,8,2,8,1,2,1,2,0,2,1,3,0,0,11 臺南市,1 一般
113,0035,國立臺南藝術大學,D 日,B 學士,763,286,477,0,0,65,113,69,101,66,114,62,110,0,0,0,0,0,0,24,39,11 臺南市,1 一般
113,0035,國立臺南藝術大學,D 日,5 七年,160,55,105,0,0,21,35,19,31,15,39,0,0,0,0,0,0,0,0,0,0,11 臺南市,1 一般
113,0036,國立臺南大學,D 日,D 博士,146,50,96,0,0,4,20,8,15,6,20,8,12,10,2,4,13,10,14,0,0,21 臺南市,1 一般
113,0036,國立臺南大學,D 日,M 碩士,1048,424,624,0,0,155,194,137,184,87,130,42,110,3,6,0,0,0,0,0,0,21 臺南市,1 一般
113,0036,國立臺南大學,N 職,M 碩士,649,207,442,0,0,77,156,71,133,23,67,21,54,12,29,3,3,0,0,0,0,21 臺南市,1 一般
113,0036,國立臺南大學,D 日,B 學士,3958,1739,2219,0,0,408,553,408,541,423,541,412,524,0,0,0,0,0,0,88,60,21 臺南市,1 一般
113,0036,國立臺南大學,P 進,B 學士,165,96,69,0,0,21,10,25,12,24,16,19,24,0,0,0,0,0,0,7,7,21 臺南市,1 一般
113,0037,國立臺北教育大學,D 日,D 博士,155,66,89,0,0,12,11,10,14,7,15,5,11,3,10,6,6,23,22,0,0,30 臺北市,3 師範
113,0037,國立臺北教育大學,D 日,M 碩士,1466,429,1037,0,0,128,282,102,263,74,194,65,184,31,55,14,31,15,28,0,0,30 臺北市,3 師範
113,0037,國立臺北教育大學,N 職,M 碩士,1090,261,829,0,0,88,273,78,246,31,120,36,97,14,44,14,49,0,0,0,0,30 臺北市,3 師範
113,0037,國立臺北教育大學,D 日,B 學士,3328,1100,2228,0,0,255,527,269,521,241,564,276,523,0,0,0,0,0,0,59,93,30 臺北市,3 師範
113,0039,國立臺中教育大學,D 日,D 博士,111,35,76,0,0,4,13,5,10,2,11,4,10,5,10,4,10,11,12,0,0,19 臺中市,3 師範
113,0039,國立臺中教育大學,D 日,M 碩士,957,281,676,0,0,101,212,81,210,45,132,44,86,8,19,2,17,0,0,0,0,19 臺中市,3 師範
113,0039,國立臺中教育大學,N 職,M 碩士,776,176,600,0,0,67,176,53,169,22,102,16,78,8,45,10,30,0,0,0,0,19 臺中市,3 師範
113,0039,國立臺中教育大學,D 日,B 學士,3286,1141,2145,0,0,277,510,239,536,287,511,289,501,0,0,0,0,0,0,49,87,19 臺中市,3 師範
113,0042,國立澎湖科技大學,D 日,M 碩士,47,23,24,0,0,12,13,8,5,2,4,1,2,0,0,0,0,0,0,0,0,16 澎湖縣,2 技職
113,0042,國立澎湖科技大學,N 職,M 碩士,36,21,15,0,0,12,5,8,9,0,1,1,0,0,0,0,0,0,0,0,0,16 澎湖縣,2 技職
113,0042,國立澎湖科技大學,D 日,B 四技,2018,1278,740,0,0,275,171,282,173,284,177,332,178,0,0,0,0,0,0,105,41,16 澎湖縣,2 技職
113,0042,國立澎湖科技大學,N 修,B 四技,180,98,82,0,0,29,16,23,19,20,18,16,27,0,0,0,0,0,0,10,2,16 澎湖縣,2 技職
113,0042,國立澎湖科技大學,D 日,5 五專,107,103,4,0,0,14,0,22,2,29,2,26,0,7,0,0,0,0,0,5,0,16 澎湖縣,2 技職
113,0043,國立勤益科技大學,D 日,D 博士,67,57,10,0,0,9,2,11,2,12,3,12,1,6,1,4,1,3,0,0,0,06 臺中市,2 技職
113,0043,國立勤益科技大學,D 日,M 碩士,702,510,192,0,0,240,80,193,80,55,27,22,5,0,0,0,0,0,0,0,0,06 臺中市,2 技職
113,0043,國立勤益科技大學,N 職,M 碩士,287,235,52,0,0,90,17,93,26,22,5,19,1,7,2,4,1,0,0,0,0,06 臺中市,2 技職
113,0043,國立勤益科技大學,D 日,B 四技,7358,5097,2261,21,10,1429,595,1243,532,1118,554,1078,513,0,0,0,0,0,0,208,57,06 臺中市,2 技職
113,0043,國立勤益科技大學,N 修,B 四技,3394,2933,461,0,0,706,75,702,114,666,127,667,119,0,0,0,0,0,0,192,26,06 臺中市,2 技職
113,0043,國立勤益科技大學,D 日,C 二技,102,78,24,0,0,0,0,0,0,37,14,39,10,0,0,0,0,0,0,2,0,06 臺中市,2 技職
113,0043,國立勤益科技大學,N 修,C 二技,386,297,89,0,0,0,0,0,0,134,37,152,50,0,0,0,0,0,0,11,2,06 臺中市,2 技職
113,0043,國立勤益科技大學,N 修,2 二專,214,160,54,0,0,82,24,58,28,0,0,0,0,0,0,0,0,0,0,20,2,06 臺中市,2 技職
113,0044,國立體育大學,D 日,D 博士,141,95,46,0,0,22,4,10,5,10,11,17,9,11,7,14,5,11,5,0,0,03 桃園市,1 一般
113,0044,國立體育大學,D 日,M 碩士,360,212,148,0,0,77,53,77,37,28,39,30,19,0,0,0,0,0,0,0,0,03 桃園市,1 一般
113,0044,國立體育大學,N 職,M 碩士,242,135,107,0,0,49,34,35,33,20,20,20,16,3,3,8,1,0,0,0,0,03 桃園市,1 一般
113,0044,國立體育大學,D 日,B 學士,1961,1196,765,0,0,305,191,279,180,259,184,258,168,0,0,0,0,0,0,95,42,03 桃園市,1 一般
113,0044,國立體育大學,N 修,C 二年制,78,55,23,0,0,0,0,0,0,36,15,14,4,0,0,0,0,0,0,5,4,03 桃園市,1 一般
113,0046,國立臺北護理健康大學,D 日,D 博士,74,10,64,0,0,7,9,1,12,1,13,1,11,0,12,0,6,0,1,0,0,30 臺北市,2 技職
113,0046,國立臺北護理健康大學,D 日,M 碩士,561,99,462,0,0,33,154,33,134,19,116,14,58,0,0,0,0,0,0,0,0,30 臺北市,2 技職
113,0046,國立臺北護理健康大學,N 職,M 碩士,182,31,151,0,0,8,56,10,45,9,29,4,21,0,0,0,0,0,0,0,0,30 臺北市,2 技職
113,0046,國立臺北護理健康大學,D 日,B 四技,2799,725,2074,0,0,187,539,181,508,166,495,157,482,0,0,0,0,0,0,34,50,30 臺北市,2 技職
113,0046,國立臺北護理健康大學,D 日,C 二技,943,84,859,0,6,0,0,0,0,39,391,41,429,0,0,0,0,0,0,4,33,30 臺北市,2 技職
113,0046,國立臺北護理健康大學,N 修,C 二技,642,60,582,0,0,0,0,0,0,23,184,21,195,14,187,0,0,0,0,2,16,30 臺北市,2 技職
113,0047,國立高雄餐旅大學,D 日,D 博士,39,20,19,0,0,2,6,6,2,2,2,3,4,3,1,3,3,1,1,0,0,50 高雄市,2 技職
113,0047,國立高雄餐旅大學,D 日,M 碩士,130,48,82,0,0,25,34,15,26,5,15,2,7,1,0,0,0,0,0,0,0,50 高雄市,2 技職
113,0047,國立高雄餐旅大學,N 職,M 碩士,22,10,12,0,0,7,6,1,4,1,1,0,1,1,0,0,0,0,0,0,0,50 高雄市,2 技職
113,0047,國立高雄餐旅大學,D 日,B 四技,2745,926,1819,0,0,233,454,218,421,218,453,242,474,0,0,0,0,0,0,15,17,50 高雄市,2 技職
113,0047,國立高雄餐旅大學,N 修,B 四技,755,311,444,0,0,57,62,73,99,64,124,105,153,0,0,0,0,0,0,12,6,50 高雄市,2 技職
113,0047,國立高雄餐旅大學,D 日,C 二技,27,8,19,0,0,0,0,0,0,2,9,6,10,0,0,0,0,0,0,0,0,50 高雄市,2 技職
113,0047,國立高雄餐旅大學,N 修,C 二技,134,37,97,0,0,0,0,0,0,20,51,16,41,0,0,0,0,0,0,1,5,50 高雄市,2 技職
113,0047,國立高雄餐旅大學,D 日,5 五專,249,94,155,0,0,23,31,15,36,21,30,14,28,18,30,0,0,0,0,3,0,50 高雄市,2 技職
113,0048,國立金門大學,D 日,D 博士,9,5,4,0,0,3,2,1,1,1,1,0,0,0,0,0,0,0,0,0,0,71 金門縣,1 一般
113,0048,國立金門大學,D 日,M 碩士,213,126,87,0,0,55,43,44,29,14,13,13,2,0,0,0,0,0,0,0,0,71 金門縣,1 一般
113,0048,國立金門大學,N 職,M 碩士,95,63,32,0,0,38,20,17,9,8,3,0,0,0,0,0,0,0,0,0,0,71 金門縣,1 一般
113,0048,國立金門大學,D 日,B 學士,2863,1520,1343,0,0,355,292,369,314,311,328,385,360,20,12,0,0,0,0,80,37,71 金門縣,1 一般
113,0048,國立金門大學,P 進,B 學士,643,355,288,0,0,110,76,64,57,63,73,91,66,0,0,0,0,0,0,27,16,71 金門縣,1 一般
113,0049,國立臺灣體育運動大學,D 日,D 博士,23,12,11,0,0,3,2,3,0,2,2,2,3,2,4,0,0,0,0,0,0,19 臺中市,1 一般
113,0049,國立臺灣體育運動大學,D 日,M 碩士,278,144,134,0,0,52,41,39,29,26,36,16,20,8,4,3,4,0,0,0,0,19 臺中市,1 一般
113,0049,國立臺灣體育運動大學,N 職,M 碩士,128,78,50,0,0,20,20,22,18,15,7,12,4,6,0,2,1,1,0,0,0,19 臺中市,1 一般
113,0049,國立臺灣體育運動大學,D 日,B 學士,2338,1419,919,0,0,376,206,286,220,329,226,303,204,0,0,0,0,0,0,125,63,19 臺中市,1 一般
113,0049,國立臺灣體育運動大學,P 進,B 學士,323,229,94,0,0,65,16,57,20,41,25,40,25,0,0,0,0,0,0,26,8,19 臺中市,1 一般
113,0050,國立臺中科技大學,D 日,D 博士,8,5,3,0,0,2,1,3,2,0,0,0,0,0,0,0,0,0,0,0,0,19 臺中市,2 技職
113,0050,國立臺中科技大學,D 日,M 碩士,399,147,252,0,0,61,105,52,98,25,34,9,15,0,0,0,0,0,0,0,0,19 臺中市,2 技職
113,0050,國立臺中科技大學,N 職,M 碩士,289,122,167,0,0,53,73,51,64,9,19,9,11,0,0,0,0,0,0,0,0,19 臺中市,2 技職
113,0050,國立臺中科技大學,D 日,B 四技,5842,2071,3771,0,0,502,995,506,906,517,875,454,889,0,0,0,0,0,0,92,106,19 臺中市,2 技職
113,0050,國立臺中科技大學,N 修,B 四技,2256,831,1425,0,0,262,384,197,371,168,331,152,290,0,0,0,0,0,0,52,49,19 臺中市,2 技職
113,0050,國立臺中科技大學,D 日,C 二技,1299,344,955,0,0,0,0,0,0,181,466,138,446,0,0,0,0,0,0,25,43,19 臺中市,2 技職
113,0050,國立臺中科技大學,N 修,C 二技,1405,486,919,0,0,0,0,0,0,203,456,236,421,0,0,0,0,0,0,47,42,19 臺中市,2 技職
113,0050,國立臺中科技大學,N 修,2 二專,550,209,341,0,0,85,143,90,174,0,0,0,0,0,0,0,0,0,0,34,24,19 臺中市,2 技職
113,0050,國立臺中科技大學,D 日,5 五專,3714,1108,2606,0,0,252,529,206,543,222,517,198,474,178,484,0,0,0,0,52,59,19 臺中市,2 技職
113,0051,國立臺北商業大學,D 日,D 博士,12,10,2,0,0,3,0,1,2,4,0,0,0,2,0,0,0,0,0,0,0,30 臺北市,2 技職
113,0051,國立臺北商業大學,D 日,M 碩士,314,116,198,0,0,64,103,34,83,8,9,10,3,0,0,0,0,0,0,0,0,30 臺北市,2 技職
113,0051,國立臺北商業大學,N 職,M 碩士,156,63,93,0,0,29,50,27,33,3,2,4,8,0,0,0,0,0,0,0,0,30 臺北市,2 技職
113,0051,國立臺北商業大學,D 日,B 四技,2354,801,1553,0,0,195,390,190,366,191,371,184,375,0,0,0,0,0,0,41,51,30 臺北市,2 技職
113,0051,國立臺北商業大學,N 修,B 四技,896,341,555,0,0,69,123,76,137,84,130,80,134,0,0,0,0,0,0,32,31,30 臺北市,2 技職
113,0051,國立臺北商業大學,D 日,C 二技,588,159,429,0,0,0,0,0,0,71,207,78,187,0,0,0,0,0,0,10,35,30 臺北市,2 技職
113,0051,國立臺北商業大學,N 修,C 二技,777,263,514,0,0,0,0,0,0,123,245,111,226,0,0,0,0,0,0,29,43,30 臺北市,2 技職
113,0051,國立臺北商業大學,N 修,2 二專,80,36,44,0,0,12,27,15,10,0,0,0,0,0,0,0,0,0,0,9,7,30 臺北市,2 技職
113,0051,國立臺北商業大學,D 日,5 五專,1771,514,1257,0,0,105,254,109,245,100,248,97,215,82,233,0,0,0,0,21,62,30 臺北市,2 技職
113,0052,國立屏東大學,D 日,D 博士,47,22,25,0,0,6,5,5,4,2,4,2,3,3,4,1,4,3,1,0,0,13 屏東縣,1 一般
113,0052,國立屏東大學,D 日,M 碩士,917,334,583,0,0,127,186,97,186,70,112,40,99,0,0,0,0,0,0,0,0,13 屏東縣,1 一般
113,0052,國立屏東大學,N 職,M 碩士,695,209,486,0,0,67,147,54,135,39,87,27,53,18,35,4,29,0,0,0,0,13 屏東縣,1 一般
113,0052,國立屏東大學,D 日,B 學士,6597,2949,3648,0,0,710,904,711,899,728,834,684,902,0,0,0,0,0,0,116,109,13 屏東縣,1 一般
113,0052,國立屏東大學,P 進,B 學士,484,245,239,0,0,36,33,51,45,50,36,77,90,0,0,0,0,0,0,31,35,13 屏東縣,1 一般
113,0053,國立高雄科技大學,D 日,D 博士,568,411,157,0,0,82,30,73,25,78,41,62,30,42,16,41,6,33,9,0,0,50 高雄市,2 技職
113,0053,國立高雄科技大學,D 日,M 碩士,2566,1774,792,0,0,805,350,707,315,191,83,71,44,0,0,0,0,0,0,0,0,50 高雄市,2 技職
113,0053,國立高雄科技大學,N 職,M 碩士,1956,1225,731,0,0,527,318,411,281,148,70,66,37,46,17,27,8,0,0,0,0,50 高雄市,2 技職
113,0053,國立高雄科技大學,D 日,B 四技,17325,10799,6526,0,0,2628,1594,2622,1552,2516,1538,2518,1650,0,0,0,0,0,0,515,192,50 高雄市,2 技職
113,0053,國立高雄科技大學,N 修,B 四技,3169,2183,986,0,0,409,178,501,254,492,209,532,259,0,0,0,0,0,0,249,86,50 高雄市,2 技職
113,0053,國立高雄科技大學,D 日,C 二技,448,317,131,0,0,0,0,0,0,108,65,175,50,0,0,0,0,0,0,34,16,50 高雄市,2 技職
113,0053,國立高雄科技大學,N 修,C 二技,509,289,220,0,0,0,0,0,0,146,114,139,104,0,0,0,0,0,0,4,2,50 高雄市,2 技職
113,0053,國立高雄科技大學,D 日,5 五專,853,699,154,0,0,132,20,160,29,136,34,123,32,99,32,0,0,0,0,49,7,50 高雄市,2 技職
113,0144,國立臺灣戲曲學院,D 日,B 四技,449,170,279,0,0,42,69,29,64,46,66,44,64,0,0,0,0,0,0,9,16,30 臺北市,2 技職
113,0221,國立臺南護理專科學校,D 日,2 二專,43,3,40,0,0,0,17,3,22,0,0,0,0,0,0,0,0,0,0,0,1,21 臺南市,2 技職
113,0221,國立臺南護理專科學校,N 修,2 二專,42,10,32,0,0,9,16,1,14,0,0,0,0,0,0,0,0,0,0,0,2,21 臺南市,2 技職
113,0221,國立臺南護理專科學校,D 日,5 五專,1907,201,1706,0,0,43,368,45,344,46,350,30,325,34,303,0,0,0,0,3,16,21 臺南市,2 技職
113,0222,國立臺東專科學校,D 日,2 二專,358,267,91,0,0,103,33,156,56,0,0,0,0,0,0,0,0,0,0,8,2,14 臺東縣,2 技職
113,0222,國立臺東專科學校,N 修,2 二專,80,46,34,0,0,22,16,23,18,0,0,0,0,0,0,0,0,0,0,1,0,14 臺東縣,2 技職
113,0222,國立臺東專科學校,D 日,5 五專,159,80,79,0,0,13,26,14,12,10,20,19,9,17,10,0,0,0,0,7,2,14 臺東縣,2 技職
113,1001,東海大學,D 日,D 博士,242,146,96,0,0,23,18,22,19,23,10,27,9,15,13,11,13,25,14,0,0,19 臺中市,1 一般
113,1001,東海大學,D 日,M 碩士,1348,672,676,0,0,239,244,223,193,102,140,100,94,2,2,6,3,0,0,0,0,19 臺中市,1 一般
113,1001,東海大學,N 職,M 碩士,754,349,405,0,0,93,132,104,131,48,64,46,37,30,26,28,15,0,0,0,0,19 臺中市,1 一般
113,1001,東海大學,D 日,B 學士,12973,5963,7010,0,0,1414,1707,1373,1676,1390,1608,1433,1720,12,15,0,0,0,0,341,284,19 臺中市,1 一般
113,1001,東海大學,P 進,B 學士,269,130,139,0,0,4,12,22,27,38,31,40,34,15,28,0,0,0,0,11,7,19 臺中市,1 一般
113,1002,輔仁大學,D 日,D 博士,449,254,195,0,0,44,36,44,21,44,35,30,28,30,25,27,28,35,22,0,0,01 新北市,1 一般
113,1002,輔仁大學,D 日,M 碩士,1860,747,1113,0,0,265,386,246,335,132,230,103,156,0,4,1,2,0,0,0,0,01 新北市,1 一般
113,1002,輔仁大學,N 職,M 碩士,1494,576,918,0,0,188,328,182,278,95,113,51,86,34,64,26,49,0,0,0,0,01 新北市,1 一般
113,1002,輔仁大學,D 日,B 學士,18187,7494,10693,0,0,1845,2544,1669,2628,1681,2470,1730,2554,43,15,35,17,0,0,491,465,01 新北市,1 一般
113,1002,輔仁大學,P 進,B 學士,3637,1563,2074,0,0,418,462,296,421,306,429,351,531,0,0,0,0,0,0,192,231,01 新北市,1 一般
113,1002,輔仁大學,N 修,C 二技,54,1,53,0,0,0,0,0,0,0,36,1,17,0,0,0,0,0,0,0,0,01 新北市,2 技職
113,1003,東吳大學,D 日,D 博士,101,61,40,0,0,11,4,9,7,11,4,8,7,11,2,6,8,5,8,0,0,30 臺北市,1 一般
113,1003,東吳大學,D 日,M 碩士,1282,592,690,0,0,201,212,163,195,107,147,110,122,11,14,0,0,0,0,0,0,30 臺北市,1 一般
113,1003,東吳大學,N 職,M 碩士,1250,579,671,0,0,138,185,132,150,119,126,61,70,72,77,57,63,0,0,0,0,30 臺北市,1 一般
113,1003,東吳大學,D 日,B 學士,11864,4761,7103,0,0,1133,1611,1085,1648,1069,1617,1049,1687,87,162,0,0,0,0,338,378,30 臺北市,1 一般
113,1003,東吳大學,P 進,B 學士,461,188,273,0,0,17,20,21,26,25,34,55,90,50,76,0,0,0,0,20,27,30 臺北市,1 一般
113,1004,中原大學,D 日,D 博士,320,204,116,0,0,48,22,27,19,33,19,44,21,18,12,12,10,22,13,0,0,03 桃園市,1 一般
113,1004,中原大學,D 日,M 碩士,1599,926,673,0,0,395,276,340,233,122,80,66,75,3,3,0,5,0,1,0,0,03 桃園市,1 一般
113,1004,中原大學,N 職,M 碩士,934,559,375,0,0,184,135,185,130,78,43,59,35,32,17,20,14,1,1,0,0,03 桃園市,1 一般
113,1004,中原大學,D 日,B 學士,13657,7134,6523,0,0,1675,1517,1594,1486,1682,1528,1590,1584,63,92,0,0,0,0,530,316,03 桃園市,1 一般
113,1005,淡江大學,D 日,D 博士,359,239,120,0,0,51,20,45,20,35,22,34,22,27,9,25,13,22,14,0,0,01 新北市,1 一般
113,1005,淡江大學,D 日,M 碩士,1377,758,619,0,0,324,255,254,208,121,87,59,69,0,0,0,0,0,0,0,0,01 新北市,1 一般
113,1005,淡江大學,N 職,M 碩士,580,290,290,0,0,83,97,99,111,40,39,35,20,18,10,15,13,0,0,0,0,01 新北市,1 一般
113,1005,淡江大學,D 日,B 學士,19315,10405,8910,16,20,2421,2095,2416,2088,2306,1992,2401,2287,38,23,0,0,0,0,807,405,01 新北市,1 一般
113,1005,淡江大學,P 進,B 學士,645,397,248,0,0,58,36,66,38,86,46,123,79,0,0,0,0,0,0,64,49,01 新北市,1 一般
113,1006,中國文化大學,D 日,D 博士,489,306,183,0,0,37,21,35,23,32,22,29,25,32,20,29,25,112,47,0,0,30 臺北市,1 一般
113,1006,中國文化大學,D 日,M 碩士,1505,756,749,0,0,200,222,146,164,133,129,95,106,81,65,101,63,0,0,0,0,30 臺北市,1 一般
113,1006,中國文化大學,N 職,M 碩士,514,173,341,0,0,39,108,43,83,25,43,23,40,15,30,28,37,0,0,0,0,30 臺北市,1 一般
113,1006,中國文化大學,D 日,B 學士,14198,7471,6727,12,28,1452,1257,1300,1114,1203,1240,1937,1921,24,15,0,0,0,0,1543,1152,30 臺北市,1 一般
113,1006,中國文化大學,P 進,B 學士,1003,371,632,0,0,87,184,63,133,51,134,79,108,0,0,0,0,0,0,91,73,30 臺北市,1 一般
113,1006,中國文化大學,N 修,C 二技,195,71,124,0,0,0,0,0,0,39,40,22,60,5,20,0,0,0,0,5,4,30 臺北市,2 技職
113,1007,逢甲大學,D 日,D 博士,385,262,123,0,0,47,22,41,21,50,33,46,13,24,14,20,5,34,15,0,0,19 臺中市,1 一般
113,1007,逢甲大學,D 日,M 碩士,1707,1104,603,0,0,437,299,450,197,133,52,75,48,6,4,3,3,0,0,0,0,19 臺中市,1 一般
113,1007,逢甲大學,N 職,M 碩士,1164,698,466,0,0,247,179,249,193,88,40,56,22,32,13,26,19,0,0,0,0,19 臺中市,1 一般
113,1007,逢甲大學,D 日,B 學士,17456,10154,7302,10,9,2335,1727,2489,1727,2426,1785,2345,1802,57,48,0,0,0,0,492,204,19 臺中市,1 一般
113,1007,逢甲大學,P 進,B 學士,750,470,280,0,0,120,69,85,57,102,52,117,78,0,0,0,0,0,0,46,24,19 臺中市,1 一般
113,1008,靜宜大學,D 日,D 博士,62,27,35,0,0,6,4,6,8,4,3,5,4,1,8,1,5,4,3,0,0,06 臺中市,1 一般
113,1008,靜宜大學,D 日,M 碩士,692,231,461,0,0,74,188,68,124,47,70,36,72,3,6,3,1,0,0,0,0,06 臺中市,1 一般
113,1008,靜宜大學,N 職,M 碩士,405,143,262,0,0,46,78,42,72,18,60,16,23,14,16,7,12,0,1,0,0,06 臺中市,1 一般
113,1008,靜宜大學,D 日,B 學士,9430,3772,5658,32,84,909,1283,788,1161,791,1244,941,1512,0,0,0,0,0,0,311,374,06 臺中市,1 一般
113,1008,靜宜大學,N 修,C 二技,41,3,38,0,0,0,0,0,0,3,38,0,0,0,0,0,0,0,0,0,0,06 臺中市,2 技職
113,1009,長庚大學,D 日,D 博士,452,273,179,0,0,52,35,42,32,39,31,35,28,23,21,31,11,51,21,0,0,03 桃園市,1 一般
113,1009,長庚大學,D 日,M 碩士,1282,586,696,0,0,250,279,188,223,99,103,43,57,3,16,3,18,0,0,0,0,03 桃園市,1 一般
113,1009,長庚大學,N 職,M 碩士,179,91,88,0,0,32,43,28,34,13,6,6,2,6,3,6,0,0,0,0,0,03 桃園市,1 一般
113,1009,長庚大學,D 日,B 學士,5328,2502,2826,0,0,585,640,567,675,551,621,527,616,90,68,81,85,22,28,79,93,03 桃園市,1 一般
113,1010,元智大學,D 日,D 博士,237,161,76,0,0,32,20,29,10,16,15,33,11,15,6,21,10,15,4,0,0,03 桃園市,1 一般
113,1010,元智大學,D 日,M 碩士,918,543,375,0,0,243,195,199,112,73,40,28,27,0,1,0,0,0,0,0,0,03 桃園市,1 一般
113,1010,元智大學,N 職,M 碩士,512,304,208,0,0,75,74,92,62,42,35,49,20,20,8,24,9,2,0,0,0,03 桃園市,1 一般
113,1010,元智大學,D 日,B 學士,7447,4099,3348,14,23,1007,906,974,767,918,720,942,793,0,0,0,0,0,0,244,139,03 桃園市,1 一般
113,1011,中華大學,D 日,D 博士,60,40,20,0,0,10,4,8,2,6,6,6,2,6,1,2,2,2,3,0,0,18 新竹市,1 一般
113,1011,中華大學,D 日,M 碩士,229,164,65,0,0,67,24,51,26,29,9,17,6,0,0,0,0,0,0,0,0,18 新竹市,1 一般
113,1011,中華大學,N 職,M 碩士,109,74,35,0,0,34,18,24,14,7,1,9,2,0,0,0,0,0,0,0,0,18 新竹市,1 一般
113,1011,中華大學,D 日,B 學士,2733,1881,852,100,94,352,100,380,170,344,169,477,223,26,15,0,0,0,0,202,81,18 新竹市,1 一般
113,1011,中華大學,P 進,B 學士,103,71,32,0,0,21,6,6,3,15,11,21,9,0,0,0,0,0,0,8,3,18 新竹市,1 一般
113,1011,中華大學,N 修,C 二技,323,213,110,0,0,0,0,0,0,12,6,188,101,0,0,0,0,0,0,13,3,18 新竹市,2 技職
113,1012,大葉大學,D 日,D 博士,101,74,27,0,0,17,3,17,0,12,5,3,6,11,6,7,3,7,4,0,0,07 彰化縣,1 一般
113,1012,大葉大學,D 日,M 碩士,362,177,185,0,0,86,75,50,61,18,30,20,19,3,0,0,0,0,0,0,0,07 彰化縣,1 一般
113,1012,大葉大學,N 職,M 碩士,125,59,66,0,0,41,51,7,3,4,5,3,5,2,0,2,2,0,0,0,0,07 彰化縣,1 一般
113,1012,大葉大學,D 日,B 學士,2883,1645,1238,10,19,359,235,243,178,392,305,479,424,0,0,0,0,0,0,162,77,07 彰化縣,1 一般
113,1012,大葉大學,P 進,B 學士,163,99,64,0,0,14,16,15,10,23,11,43,25,0,0,0,0,0,0,4,2,07 彰化縣,1 一般
113,1012,大葉大學,N 修,C 二技,32,8,24,0,0,0,0,0,0,2,8,5,2,0,0,0,0,0,0,1,14,07 彰化縣,2 技職
113,1013,華梵大學,D 日,D 博士,68,27,41,0,0,3,7,6,6,3,8,1,5,5,3,4,9,5,3,0,0,01 新北市,1 一般
113,1013,華梵大學,D 日,M 碩士,204,97,107,0,0,38,34,32,32,15,18,12,23,0,0,0,0,0,0,0,0,01 新北市,1 一般
113,1013,華梵大學,N 職,M 碩士,223,82,141,0,0,33,57,26,30,9,26,4,18,3,8,7,2,0,0,0,0,01 新北市,1 一般
113,1013,華梵大學,D 日,B 學士,568,233,335,0,0,59,118,63,77,54,72,42,49,0,0,0,0,0,0,15,19,01 新北市,1 一般
113,1014,義守大學,D 日,D 博士,121,79,42,0,0,15,4,15,7,14,9,13,7,11,7,5,6,6,2,0,0,12 高雄市,1 一般
113,1014,義守大學,D 日,M 碩士,361,192,169,0,0,79,45,81,70,23,35,9,18,0,1,0,0,0,0,0,0,12 高雄市,1 一般
113,1014,義守大學,N 職,M 碩士,271,171,100,0,0,71,44,55,33,17,8,14,8,4,4,10,3,0,0,0,0,12 高雄市,1 一般
113,1014,義守大學,D 日,B 學士,9459,4816,4643,64,75,1075,973,997,986,968,1040,1298,1288,37,34,15,10,0,0,362,237,12 高雄市,1 一般
113,1014,義守大學,P 進,B 學士,586,460,126,0,0,116,43,102,19,97,33,106,25,0,0,0,0,0,0,39,6,12 高雄市,1 一般
113,1014,義守大學,N 修,C 二技,127,26,101,0,0,0,0,0,0,12,41,13,56,0,0,0,0,0,0,1,4,12 高雄市,2 技職
113,1014,義守大學,D 日,X 4+X,7,3,4,0,0,3,4,0,0,0,0,0,0,0,0,0,0,0,0,0,0,12 高雄市,1 一般
113,1015,世新大學,D 日,D 博士,78,40,38,0,0,6,7,6,5,9,8,5,8,3,5,4,4,7,1,0,0,30 臺北市,1 一般
113,1015,世新大學,D 日,M 碩士,502,224,278,0,0,84,107,61,81,35,49,44,41,0,0,0,0,0,0,0,0,30 臺北市,1 一般
113,1015,世新大學,N 職,M 碩士,485,233,252,0,0,52,62,45,59,40,32,39,35,33,39,24,25,0,0,0,0,30 臺北市,1 一般
113,1015,世新大學,D 日,B 學士,9213,3137,6076,0,0,776,1515,663,1477,780,1447,732,1420,0,0,0,0,0,0,186,217,30 臺北市,1 一般
113,1015,世新大學,P 進,B 學士,750,277,473,0,0,91,147,59,112,48,81,63,118,0,0,0,0,0,0,16,15,30 臺北市,1 一般
113,1016,銘傳大學,D 日,D 博士,73,32,41,0,0,8,10,8,10,7,4,2,4,2,4,2,4,3,5,0,0,30 臺北市,1 一般
113,1016,銘傳大學,D 日,M 碩士,743,290,453,0,0,118,170,94,136,42,86,35,61,1,0,0,0,0,0,0,0,30 臺北市,1 一般
113,1016,銘傳大學,N 職,M 碩士,658,268,390,0,0,76,137,88,130,31,39,29,23,28,26,16,35,0,0,0,0,30 臺北市,1 一般
113,1016,銘傳大學,D 日,B 學士,15813,6639,9174,44,127,1681,1994,1382,1955,1449,2245,1576,2422,21,22,0,0,0,0,486,409,30 臺北市,1 一般
113,1017,實踐大學,D 日,D 博士,25,10,15,0,0,1,2,1,2,3,0,2,1,1,3,1,7,1,0,0,0,30 臺北市,1 一般
113,1017,實踐大學,D 日,M 碩士,330,131,199,0,0,40,73,30,59,32,46,26,19,3,2,0,0,0,0,0,0,30 臺北市,1 一般
113,1017,實踐大學,N 職,M 碩士,105,25,80,0,0,17,24,5,25,1,20,2,11,0,0,0,0,0,0,0,0,30 臺北市,1 一般
113,1017,實踐大學,D 日,B 學士,8846,3169,5677,13,28,880,1319,582,1248,651,1171,716,1433,14,24,0,0,0,0,313,454,30 臺北市,1 一般
113,1017,實踐大學,P 進,B 學士,919,283,636,0,0,57,109,52,118,55,129,67,189,0,0,0,0,0,0,52,91,30 臺北市,1 一般
113,1017,實踐大學,N 修,C 二技,80,21,59,0,0,0,0,0,0,8,23,9,33,0,0,0,0,0,0,4,3,30 臺北市,2 技職
113,1018,朝陽科技大學,D 日,D 博士,101,71,30,0,0,18,5,10,4,17,9,13,6,7,3,3,0,3,3,0,0,06 臺中市,2 技職
113,1018,朝陽科技大學,D 日,M 碩士,632,322,310,0,0,122,132,107,85,57,56,34,34,1,1,1,2,0,0,0,0,06 臺中市,2 技職
113,1018,朝陽科技大學,N 職,M 碩士,238,105,133,0,0,39,37,25,28,11,16,6,14,13,19,10,18,1,1,0,0,06 臺中市,2 技職
113,1018,朝陽科技大學,D 日,B 四技,11238,5024,6214,70,77,1270,1563,1163,1516,1142,1410,1102,1456,0,0,0,0,0,0,277,192,06 臺中市,2 技職
113,1018,朝陽科技大學,N 修,B 四技,923,492,431,0,0,106,41,86,80,113,102,121,133,0,0,0,0,0,0,66,75,06 臺中市,2 技職
113,1018,朝陽科技大學,D 日,C 二技,20,13,7,0,0,0,0,0,0,9,3,1,2,0,0,0,0,0,0,3,2,06 臺中市,2 技職
113,1019,高雄醫學大學,D 日,D 博士,324,168,156,0,0,33,38,39,27,36,24,25,25,12,21,13,7,10,14,0,0,50 高雄市,1 一般
113,1019,高雄醫學大學,D 日,M 碩士,711,228,483,0,0,92,195,87,174,32,75,16,39,1,0,0,0,0,0,0,0,50 高雄市,1 一般
113,1019,高雄醫學大學,N 職,M 碩士,211,87,124,0,0,30,40,35,49,13,18,6,12,3,5,0,0,0,0,0,0,50 高雄市,1 一般
113,1019,高雄醫學大學,D 日,B 學士,5421,2292,3129,0,0,493,698,431,757,486,682,474,670,189,155,154,78,0,0,65,89,50 高雄市,1 一般
113,1020,南華大學,D 日,D 博士,47,28,19,0,0,5,4,5,3,4,3,2,2,8,3,4,4,0,0,0,0,10 嘉義縣,1 一般
113,1020,南華大學,D 日,M 碩士,536,191,345,0,0,81,150,63,105,25,44,21,46,1,0,0,0,0,0,0,0,10 嘉義縣,1 一般
113,1020,南華大學,N 職,M 碩士,418,146,272,0,0,56,105,45,74,19,44,12,26,14,23,0,0,0,0,0,0,10 嘉義縣,1 一般
113,1020,南華大學,D 日,B 學士,3471,1557,1914,0,0,367,469,363,472,344,439,389,470,0,0,0,0,0,0,94,64,10 嘉義縣,1 一般
113,1020,南華大學,P 進,B 學士,218,130,88,0,0,35,22,31,17,23,16,31,23,0,0,0,0,0,0,10,10,10 嘉義縣,1 一般
113,1021,真理大學,D 日,M 碩士,121,62,59,0,0,21,21,21,21,11,10,7,6,0,1,2,0,0,0,0,0,01 新北市,1 一般
113,1021,真理大學,N 職,M 碩士,8,5,3,0,0,3,0,2,0,0,0,0,2,0,0,0,1,0,0,0,0,01 新北市,1 一般
113,1021,真理大學,D 日,B 學士,2193,1159,1034,17,37,170,112,157,141,240,243,402,395,0,0,0,0,0,0,173,106,01 新北市,1 一般
113,1022,大同大學,D 日,D 博士,97,68,29,0,0,12,8,14,3,11,5,12,0,7,3,9,6,3,4,0,0,30 臺北市,1 一般
113,1022,大同大學,D 日,M 碩士,218,131,87,0,0,49,27,48,36,23,16,11,8,0,0,0,0,0,0,0,0,30 臺北市,1 一般
113,1022,大同大學,N 職,M 碩士,120,93,27,0,0,24,6,31,9,19,10,11,0,8,2,0,0,0,0,0,0,30 臺北市,1 一般
113,1022,大同大學,D 日,B 學士,3055,1951,1104,0,0,496,265,438,246,389,233,482,302,0,0,0,0,0,0,146,58,30 臺北市,1 一般
113,1023,南臺科技大學,D 日,D 博士,75,44,31,0,0,9,9,10,7,8,4,6,6,4,2,4,0,3,3,0,0,11 臺南市,2 技職
113,1023,南臺科技大學,D 日,M 碩士,684,405,279,0,0,157,109,167,99,47,38,24,22,8,8,2,3,0,0,0,0,11 臺南市,2 技職
113,1023,南臺科技大學,N 職,M 碩士,282,114,168,0,0,44,73,37,57,15,25,5,5,8,3,5,5,0,0,0,0,11 臺南市,2 技職
113,1023,南臺科技大學,D 日,B 四技,10802,6273,4529,16,42,1628,1081,1375,1097,1403,970,1445,1116,0,0,0,0,0,0,406,223,11 臺南市,2 技職
113,1023,南臺科技大學,N 修,B 四技,1812,1208,604,0,0,261,149,248,105,227,119,295,140,0,0,0,0,0,0,177,91,11 臺南市,2 技職
113,1023,南臺科技大學,D 日,C 二技,6,3,3,0,0,0,0,0,0,1,0,1,2,0,0,0,0,0,0,1,1,11 臺南市,2 技職
113,1023,南臺科技大學,N 修,C 二技,256,44,212,0,0,0,0,0,0,26,117,16,88,0,0,0,0,0,0,2,7,11 臺南市,2 技職
113,1023,南臺科技大學,D 日,5 五專,590,499,91,0,0,180,22,103,29,86,24,63,7,66,9,0,0,0,0,1,0,11 臺南市,2 技職
113,1024,崑山科技大學,D 日,D 博士,21,18,3,0,0,4,1,6,1,1,0,2,0,1,0,3,0,1,1,0,0,11 臺南市,2 技職
113,1024,崑山科技大學,D 日,M 碩士,273,173,100,0,0,70,59,67,29,22,6,14,6,0,0,0,0,0,0,0,0,11 臺南市,2 技職
113,1024,崑山科技大學,N 職,M 碩士,204,131,73,0,0,59,31,54,29,9,7,9,6,0,0,0,0,0,0,0,0,11 臺南市,2 技職
113,1024,崑山科技大學,D 日,B 四技,5747,3298,2449,119,146,771,634,658,521,766,591,804,447,0,0,0,0,0,0,180,110,11 臺南市,2 技職
113,1024,崑山科技大學,N 修,B 四技,1571,1132,439,0,0,243,89,225,71,261,111,284,121,0,0,0,0,0,0,119,47,11 臺南市,2 技職
113,1024,崑山科技大學,D 日,C 二技,40,22,18,0,0,0,0,0,0,14,12,8,6,0,0,0,0,0,0,0,0,11 臺南市,2 技職
113,1024,崑山科技大學,N 修,C 二技,317,188,129,0,0,0,0,0,0,92,76,93,52,0,0,0,0,0,0,3,1,11 臺南市,2 技職
113,1025,嘉南藥理大學,D 日,M 碩士,134,52,82,0,0,31,41,14,31,5,9,2,1,0,0,0,0,0,0,0,0,11 臺南市,2 技職
113,1025,嘉南藥理大學,N 職,M 碩士,151,81,70,0,0,43,35,26,24,7,5,3,2,1,3,1,1,0,0,0,0,11 臺南市,2 技職
113,1025,嘉南藥理大學,D 日,B 四技,6658,2839,3819,0,0,687,878,561,769,571,913,780,1015,119,141,0,0,0,0,121,103,11 臺南市,2 技職
113,1025,嘉南藥理大學,N 修,B 四技,828,460,368,0,0,92,68,116,70,98,80,103,115,0,0,0,0,0,0,51,35,11 臺南市,2 技職
113,1025,嘉南藥理大學,D 日,C 二技,48,7,41,0,0,0,0,0,0,3,21,3,20,0,0,0,0,0,0,1,0,11 臺南市,2 技職
113,1025,嘉南藥理大學,N 修,C 二技,659,134,525,0,0,0,0,0,0,63,264,64,237,0,0,0,0,0,0,7,24,11 臺南市,2 技職
113,1025,嘉南藥理大學,D 日,5 五專,432,164,268,0,0,44,104,67,98,53,66,0,0,0,0,0,0,0,0,0,0,11 臺南市,2 技職
113,1026,樹德科技大學,D 日,D 博士,27,12,15,0,0,2,5,1,1,4,3,2,1,3,5,0,0,0,0,0,0,12 高雄市,2 技職
113,1026,樹德科技大學,D 日,M 碩士,201,93,108,0,0,34,39,37,35,12,22,10,12,0,0,0,0,0,0,0,0,12 高雄市,2 技職
113,1026,樹德科技大學,N 職,M 碩士,277,115,162,0,0,55,82,30,36,11,16,19,28,0,0,0,0,0,0,0,0,12 高雄市,2 技職
113,1026,樹德科技大學,D 日,B 四技,5715,2504,3211,11,20,619,863,566,716,535,704,589,747,0,0,0,0,0,0,184,161,12 高雄市,2 技職
113,1026,樹德科技大學,N 修,B 四技,807,475,332,0,0,157,100,110,63,80,63,100,89,0,0,0,0,0,0,28,17,12 高雄市,2 技職
113,1026,樹德科技大學,N 修,C 二技,907,419,488,0,0,0,0,0,0,193,266,213,211,0,0,0,0,0,0,13,11,12 高雄市,2 技職
113,1026,樹德科技大學,N 修,2 二專,280,129,151,0,0,89,88,33,59,0,0,0,0,0,0,0,0,0,0,7,4,12 高雄市,2 技職
113,1026,樹德科技大學,D 日,5 五專,12,7,5,0,0,0,0,0,0,0,0,3,2,3,3,0,0,0,0,1,0,12 高雄市,2 技職
113,1027,慈濟大學,D 日,D 博士,93,40,53,0,0,6,17,12,12,8,6,3,10,4,5,5,3,2,0,0,0,15 花蓮縣,1 一般
113,1027,慈濟大學,D 日,M 碩士,428,131,297,0,0,47,106,48,105,22,48,14,35,0,3,0,0,0,0,0,0,15 花蓮縣,1 一般
113,1027,慈濟大學,N 職,M 碩士,26,5,21,0,0,0,7,1,6,1,3,2,1,0,3,1,1,0,0,0,0,15 花蓮縣,1 一般
113,1027,慈濟大學,D 日,B 學士,3366,1319,2047,0,0,305,521,278,505,241,376,326,492,53,50,39,16,0,0,77,87,15 花蓮縣,1 一般
113,1027,慈濟大學,N 修,C 二技,134,8,126,0,0,0,0,0,0,2,64,5,60,0,0,0,0,0,0,1,2,15 花蓮縣,2 技職
113,1027,慈濟大學,D 日,5 五專,1238,167,1071,0,0,33,187,31,227,32,200,23,194,41,211,0,0,0,0,7,52,15 花蓮縣,2 技職
113,1028,臺北醫學大學,D 日,D 博士,669,343,326,0,0,83,70,61,65,73,71,51,55,31,31,19,14,25,20,0,0,30 臺北市,1 一般
113,1028,臺北醫學大學,D 日,M 碩士,714,253,461,0,0,120,216,96,167,23,50,14,28,0,0,0,0,0,0,0,0,30 臺北市,1 一般
113,1028,臺北醫學大學,N 職,M 碩士,297,68,229,0,0,24,84,31,77,9,41,4,27,0,0,0,0,0,0,0,0,30 臺北市,1 一般
113,1028,臺北醫學大學,D 日,B 學士,4524,1864,2660,0,0,329,621,399,577,384,572,374,553,167,144,177,125,0,0,34,68,30 臺北市,1 一般
113,1029,中山醫學大學,D 日,D 博士,162,103,59,0,0,16,17,26,11,21,13,18,5,9,6,9,5,4,2,0,0,19 臺中市,1 一般
113,1029,中山醫學大學,D 日,M 碩士,523,167,356,0,0,68,127,59,128,29,57,11,44,0,0,0,0,0,0,0,0,19 臺中市,1 一般
113,1029,中山醫學大學,N 職,M 碩士,158,35,123,0,0,17,50,10,43,6,15,1,8,1,7,0,0,0,0,0,0,19 臺中市,1 一般
113,1029,中山醫學大學,D 日,B 學士,6208,2210,3998,0,0,504,925,423,941,456,849,485,929,119,109,123,102,0,0,100,143,19 臺中市,1 一般
113,1029,中山醫學大學,N 修,C 二技,106,37,69,0,0,0,0,0,0,8,28,13,22,16,17,0,0,0,0,0,2,19 臺中市,2 技職
113,1030,龍華科技大學,D 日,D 博士,2,2,0,0,0,2,0,0,0,0,0,0,0,0,0,0,0,0,0,0,0,03 桃園市,2 技職
113,1030,龍華科技大學,D 日,M 碩士,326,228,98,0,0,94,25,74,33,40,27,20,13,0,0,0,0,0,0,0,0,03 桃園市,2 技職
113,1030,龍華科技大學,N 職,M 碩士,162,107,55,0,0,43,28,43,21,15,4,6,2,0,0,0,0,0,0,0,0,03 桃園市,2 技職
113,1030,龍華科技大學,D 日,B 四技,7756,5271,2485,149,192,1230,549,1155,570,1146,487,1222,523,0,0,0,0,0,0,369,164,03 桃園市,2 技職
113,1030,龍華科技大學,N 修,B 四技,2029,1549,480,0,0,538,170,239,68,300,92,323,113,0,0,0,0,0,0,149,37,03 桃園市,2 技職
113,1030,龍華科技大學,D 日,C 二技,96,89,7,0,0,0,0,0,0,52,5,37,2,0,0,0,0,0,0,0,0,03 桃園市,2 技職
113,1030,龍華科技大學,D 日,2 二專,47,28,19,0,0,12,9,16,10,0,0,0,0,0,0,0,0,0,0,0,0,03 桃園市,2 技職
113,1030,龍華科技大學,D 日,5 五專,922,845,77,0,0,202,20,188,13,170,19,145,12,123,13,0,0,0,0,17,0,03 桃園市,2 技職
113,1031,輔英科技大學,D 日,M 碩士,179,45,134,0,0,21,64,14,31,4,27,6,12,0,0,0,0,0,0,0,0,12 高雄市,2 技職
113,1031,輔英科技大學,N 職,M 碩士,80,2,78,0,0,1,26,0,10,0,18,0,16,1,8,0,0,0,0,0,0,12 高雄市,2 技職
113,1031,輔英科技大學,D 日,B 四技,2778,1197,1581,53,48,287,311,224,312,220,342,305,440,0,0,0,0,0,0,108,128,12 高雄市,2 技職
113,1031,輔英科技大學,N 修,B 四技,293,217,76,0,0,48,25,40,19,50,9,54,17,0,0,0,0,0,0,25,6,12 高雄市,2 技職
113,1031,輔英科技大學,D 日,C 二技,1279,180,1099,0,0,0,0,0,0,98,506,78,573,0,0,0,0,0,0,4,20,12 高雄市,2 技職
113,1031,輔英科技大學,N 修,C 二技,1022,177,845,0,0,0,0,0,0,78,413,62,314,22,20,0,0,0,0,15,98,12 高雄市,2 技職
113,1031,輔英科技大學,D 日,X 4+X,37,10,27,0,0,10,27,0,0,0,0,0,0,0,0,0,0,0,0,0,0,12 高雄市,2 技職
113,1031,輔英科技大學,D 日,2 二專,4,1,3,0,0,1,3,0,0,0,0,0,0,0,0,0,0,0,0,0,0,12 高雄市,2 技職
113,1031,輔英科技大學,D 日,5 五專,2608,303,2305,0,0,48,462,56,468,71,426,64,416,49,461,0,0,0,0,15,72,12 高雄市,2 技職
113,1032,明新科技大學,D 日,D 博士,8,8,0,0,0,4,0,4,0,0,0,0,0,0,0,0,0,0,0,0,0,04 新竹縣,2 技職
113,1032,明新科技大學,D 日,M 碩士,375,208,167,0,0,68,71,72,55,51,24,17,17,0,0,0,0,0,0,0,0,04 新竹縣,2 技職
113,1032,明新科技大學,N 職,M 碩士,305,186,119,0,0,70,67,71,34,24,10,12,5,7,1,2,2,0,0,0,0,04 新竹縣,2 技職
113,1032,明新科技大學,D 日,B 四技,6220,3671,2549,144,179,777,431,864,664,805,546,817,606,0,0,0,0,0,0,264,123,04 新竹縣,2 技職
113,1032,明新科技大學,N 修,B 四技,2020,1308,712,0,0,323,165,324,175,262,169,280,154,0,0,0,0,0,0,119,49,04 新竹縣,2 技職
113,1032,明新科技大學,D 日,C 二技,42,27,15,0,0,0,0,0,0,9,10,18,5,0,0,0,0,0,0,0,0,04 新竹縣,2 技職
113,1032,明新科技大學,N 修,C 二技,800,423,377,0,0,0,0,0,0,207,190,186,173,0,0,0,0,0,0,30,14,04 新竹縣,2 技職
113,1032,明新科技大學,D 日,2 二專,13,12,1,0,0,5,1,6,0,0,0,0,0,0,0,0,0,0,0,1,0,04 新竹縣,2 技職
113,1032,明新科技大學,N 修,2 二專,126,89,37,0,0,44,14,42,23,0,0,0,0,0,0,0,0,0,0,3,0,04 新竹縣,2 技職
113,1033,長榮大學,D 日,D 博士,46,29,17,0,0,4,4,6,3,3,4,6,3,5,1,4,2,1,0,0,0,11 臺南市,1 一般
113,1033,長榮大學,D 日,M 碩士,208,74,134,0,0,33,39,21,47,11,27,7,14,2,7,0,0,0,0,0,0,11 臺南市,1 一般
113,1033,長榮大學,N 職,M 碩士,94,57,37,0,0,40,20,13,14,1,0,0,1,3,2,0,0,0,0,0,0,11 臺南市,1 一般
113,1033,長榮大學,D 日,B 學士,4241,2117,2124,0,0,434,457,402,413,477,483,628,663,0,0,0,0,0,0,176,108,11 臺南市,1 一般
113,1033,長榮大學,P 進,B 學士,180,141,39,0,0,34,18,25,8,33,3,40,8,0,0,0,0,0,0,9,2,11 臺南市,1 一般
113,1034,弘光科技大學,D 日,D 博士,17,1,16,0,0,0,3,0,3,0,6,1,2,0,0,0,1,0,1,0,0,06 臺中市,2 技職
113,1034,弘光科技大學,D 日,M 碩士,179,45,134,0,0,21,58,17,45,6,14,1,17,0,0,0,0,0,0,0,0,06 臺中市,2 技職
113,1034,弘光科技大學,N 職,M 碩士,82,25,57,0,0,18,14,6,16,0,13,1,8,0,3,0,3,0,0,0,0,06 臺中市,2 技職
113,1034,弘光科技大學,D 日,B 四技,6614,2380,4234,13,21,603,1019,568,983,525,1033,541,989,0,0,0,0,0,0,130,189,06 臺中市,2 技職
113,1034,弘光科技大學,N 修,B 四技,2566,1201,1365,0,0,339,367,248,290,236,308,277,308,4,27,0,0,0,0,97,65,06 臺中市,2 技職
113,1034,弘光科技大學,D 日,C 二技,711,59,652,0,0,0,0,0,0,25,334,34,315,0,0,0,0,0,0,0,3,06 臺中市,2 技職
113,1034,弘光科技大學,N 修,C 二技,761,83,678,0,0,0,0,0,0,34,285,26,194,22,190,0,0,0,0,1,9,06 臺中市,2 技職
113,1034,弘光科技大學,D 日,2 二專,41,17,24,0,0,9,15,7,9,0,0,0,0,0,0,0,0,0,0,1,0,06 臺中市,2 技職
113,1034,弘光科技大學,N 修,2 二專,85,18,67,0,0,12,36,4,25,0,0,0,0,0,0,0,0,0,0,2,6,06 臺中市,2 技職
113,1034,弘光科技大學,D 日,5 五專,264,22,242,0,0,4,52,4,52,2,49,5,46,5,42,0,0,0,0,2,1,06 臺中市,2 技職
113,1035,中國醫藥大學,D 日,D 博士,442,245,197,0,0,67,63,45,33,48,38,36,30,23,14,10,13,16,6,0,0,19 臺中市,1 一般
113,1035,中國醫藥大學,D 日,M 碩士,525,154,371,0,0,73,200,61,122,14,33,6,16,0,0,0,0,0,0,0,0,19 臺中市,1 一般
113,1035,中國醫藥大學,N 職,M 碩士,85,25,60,0,0,13,24,8,18,3,8,0,8,1,2,0,0,0,0,0,0,19 臺中市,1 一般
113,1035,中國醫藥大學,D 日,B 學士,6440,2696,3744,0,1,530,814,504,794,541,759,513,750,305,348,170,140,62,54,71,84,19 臺中市,1 一般
113,1036,健行科技大學,D 日,M 碩士,324,173,151,0,0,59,36,50,50,34,34,24,22,5,9,0,0,1,0,0,0,03 桃園市,2 技職
113,1036,健行科技大學,N 職,M 碩士,34,18,16,0,0,11,10,3,3,1,2,2,1,1,0,0,0,0,0,0,0,03 桃園市,2 技職
113,1036,健行科技大學,D 日,B 四技,5071,3098,1973,0,0,734,460,648,456,653,417,797,499,0,0,0,0,0,0,266,141,03 桃園市,2 技職
113,1036,健行科技大學,N 修,B 四技,2719,1723,996,0,0,430,267,390,191,391,219,372,273,0,0,0,0,0,0,140,46,03 桃園市,2 技職
113,1036,健行科技大學,D 日,C 二技,29,12,17,0,0,0,0,0,0,3,3,8,14,0,0,0,0,0,0,1,0,03 桃園市,2 技職
113,1036,健行科技大學,N 修,C 二技,600,332,268,0,0,0,0,0,0,190,159,136,104,0,0,0,0,0,0,6,5,03 桃園市,2 技職
113,1037,正修科技大學,D 日,D 博士,21,19,2,0,0,4,1,5,1,3,0,4,0,1,0,2,0,0,0,0,0,12 高雄市,2 技職
113,1037,正修科技大學,D 日,M 碩士,329,198,131,0,0,100,66,53,45,37,11,8,9,0,0,0,0,0,0,0,0,12 高雄市,2 技職
113,1037,正修科技大學,N 職,M 碩士,228,140,88,0,0,82,48,49,34,6,5,3,1,0,0,0,0,0,0,0,0,12 高雄市,2 技職
113,1037,正修科技大學,D 日,B 四技,7394,4821,2573,22,4,1284,691,1099,651,1106,606,1116,566,0,0,0,0,0,0,194,55,12 高雄市,2 技職
113,1037,正修科技大學,N 修,B 四技,3452,2253,1199,0,0,516,303,528,256,519,312,474,241,0,0,0,0,0,0,216,87,12 高雄市,2 技職
113,1037,正修科技大學,D 日,C 二技,83,36,47,0,0,0,0,0,0,17,23,19,24,0,0,0,0,0,0,0,0,12 高雄市,2 技職
113,1037,正修科技大學,N 修,C 二技,2448,1325,1123,0,0,0,0,0,0,661,596,638,505,0,0,0,0,0,0,26,22,12 高雄市,2 技職
113,1037,正修科技大學,N 修,2 二專,602,376,226,0,0,202,120,158,94,0,0,0,0,0,0,0,0,0,0,16,12,12 高雄市,2 技職
113,1037,正修科技大學,D 日,5 五專,400,283,117,0,0,59,21,61,26,62,26,52,23,41,18,0,0,0,0,8,3,12 高雄市,2 技職
113,1038,萬能科技大學,D 日,M 碩士,178,90,88,0,0,36,34,34,28,9,17,11,9,0,0,0,0,0,0,0,0,03 桃園市,2 技職
113,1038,萬能科技大學,N 職,M 碩士,153,54,99,0,0,24,51,23,42,3,5,4,1,0,0,0,0,0,0,0,0,03 桃園市,2 技職
113,1038,萬能科技大學,D 日,B 四技,5215,2921,2294,41,97,886,647,616,475,636,498,545,440,0,0,0,0,0,0,197,137,03 桃園市,2 技職
113,1038,萬能科技大學,N 修,B 四技,2033,1203,830,0,0,350,232,283,169,240,183,261,197,0,0,0,0,0,0,69,49,03 桃園市,2 技職
113,1038,萬能科技大學,N 修,C 二技,302,153,149,0,0,0,0,0,0,97,77,49,68,0,0,0,0,0,0,7,4,03 桃園市,2 技職
113,1039,玄奘大學,D 日,M 碩士,262,96,166,0,0,30,44,33,33,13,35,18,51,1,1,0,1,1,1,0,0,18 新竹市,1 一般
113,1039,玄奘大學,N 職,M 碩士,158,44,114,0,0,9,34,14,28,6,32,9,13,6,7,0,0,0,0,0,0,18 新竹市,1 一般
113,1039,玄奘大學,D 日,B 學士,896,357,539,22,27,46,82,67,97,75,128,99,164,0,0,0,0,0,0,48,41,18 新竹市,1 一般
113,1039,玄奘大學,N 修,C 二技,71,23,48,0,0,0,0,0,0,18,36,5,11,0,0,0,0,0,0,0,1,18 新竹市,2 技職
113,1040,建國科技大學,D 日,M 碩士,82,43,39,0,0,22,10,14,22,4,6,3,1,0,0,0,0,0,0,0,0,07 彰化縣,2 技職
113,1040,建國科技大學,D 日,B 四技,2027,1363,664,92,69,321,133,286,161,294,120,285,129,0,0,0,0,0,0,85,52,07 彰化縣,2 技職
113,1040,建國科技大學,N 修,B 四技,1070,779,291,0,0,154,86,134,44,255,55,193,98,0,0,0,0,0,0,43,8,07 彰化縣,2 技職
113,1040,建國科技大學,N 修,C 二技,268,144,124,0,0,0,0,0,0,66,56,76,65,0,0,0,0,0,0,2,3,07 彰化縣,2 技職
113,1040,建國科技大學,N 修,2 二專,50,35,15,0,0,17,6,18,9,0,0,0,0,0,0,0,0,0,0,0,0,07 彰化縣,2 技職
113,1041,明志科技大學,D 日,D 博士,85,64,21,0,0,26,6,16,5,9,6,8,4,4,0,0,0,1,0,0,0,01 新北市,2 技職
113,1041,明志科技大學,D 日,M 碩士,548,413,135,0,0,193,56,168,62,36,8,16,9,0,0,0,0,0,0,0,0,01 新北市,2 技職
113,1041,明志科技大學,N 職,M 碩士,21,19,2,0,0,5,2,7,0,1,0,4,0,2,0,0,0,0,0,0,0,01 新北市,2 技職
113,1041,明志科技大學,D 日,B 四技,3659,2555,1104,0,0,677,320,628,271,575,231,579,260,0,0,0,0,0,0,96,22,01 新北市,2 技職
113,1041,明志科技大學,N 修,B 四技,70,68,2,0,0,0,0,11,1,18,1,20,0,0,0,0,0,0,0,19,0,01 新北市,2 技職
113,1042,台鋼科技大學,D 日,M 碩士,27,18,9,0,0,8,1,0,0,10,4,0,4,0,0,0,0,0,0,0,0,12 高雄市,2 技職
113,1042,台鋼科技大學,N 職,M 碩士,36,32,4,0,0,25,2,0,0,5,2,2,0,0,0,0,0,0,0,0,0,12 高雄市,2 技職
113,1042,台鋼科技大學,D 日,B 四技,780,519,261,0,0,273,90,30,7,70,45,122,104,0,0,0,0,0,0,24,15,12 高雄市,2 技職
113,1042,台鋼科技大學,N 修,B 四技,273,220,53,0,0,66,15,34,6,40,10,63,21,0,0,0,0,0,0,17,1,12 高雄市,2 技職
113,1042,台鋼科技大學,D 日,C 二技,26,23,3,0,0,0,0,0,0,23,3,0,0,0,0,0,0,0,0,0,0,12 高雄市,2 技職
113,1042,台鋼科技大學,N 修,C 二技,66,48,18,0,0,0,0,0,0,25,6,21,10,0,0,0,0,0,0,2,2,12 高雄市,2 技職
113,1042,台鋼科技大學,N 修,2 二專,32,16,16,0,0,12,10,2,5,0,0,0,0,0,0,0,0,0,0,2,1,12 高雄市,2 技職
113,1043,大仁科技大學,D 日,M 碩士,66,28,38,0,0,13,20,11,16,4,1,0,1,0,0,0,0,0,0,0,0,13 屏東縣,2 技職
113,1043,大仁科技大學,N 職,M 碩士,148,66,82,0,0,25,31,36,49,1,1,2,1,1,0,1,0,0,0,0,0,13 屏東縣,2 技職
113,1043,大仁科技大學,D 日,B 四技,2197,988,1209,0,0,218,316,190,244,194,223,223,236,73,128,0,0,0,0,90,62,13 屏東縣,2 技職
113,1043,大仁科技大學,N 修,B 四技,56,34,22,0,0,5,5,12,0,6,5,8,10,0,0,0,0,0,0,3,2,13 屏東縣,2 技職
113,1043,大仁科技大學,N 修,C 二技,1222,403,819,0,0,0,0,0,0,214,407,177,391,0,0,0,0,0,0,12,21,13 屏東縣,2 技職
113,1043,大仁科技大學,N 修,2 二專,53,20,33,0,0,14,19,4,14,0,0,0,0,0,0,0,0,0,0,2,0,13 屏東縣,2 技職
113,1043,大仁科技大學,D 日,5 五專,67,24,43,0,0,24,43,0,0,0,0,0,0,0,0,0,0,0,0,0,0,13 屏東縣,2 技職
113,1044,聖約翰科技大學,D 日,M 碩士,16,13,3,0,0,0,0,0,0,8,0,5,3,0,0,0,0,0,0,0,0,01 新北市,2 技職
113,1044,聖約翰科技大學,N 職,M 碩士,57,38,19,0,0,16,13,14,4,4,1,4,1,0,0,0,0,0,0,0,0,01 新北市,2 技職
113,1044,聖約翰科技大學,D 日,B 四技,249,158,91,0,0,23,13,19,19,35,17,44,21,0,0,0,0,0,0,37,21,01 新北市,2 技職
113,1044,聖約翰科技大學,N 修,B 四技,44,42,2,0,0,0,0,0,0,14,0,21,2,0,0,0,0,0,0,7,0,01 新北市,2 技職
113,1044,聖約翰科技大學,N 修,C 二技,65,42,23,0,0,0,0,0,0,21,14,21,9,0,0,0,0,0,0,0,0,01 新北市,2 技職
113,1044,聖約翰科技大學,N 修,2 二專,21,13,8,0,0,6,7,7,1,0,0,0,0,0,0,0,0,0,0,0,0,01 新北市,2 技職
113,1044,聖約翰科技大學,D 日,5 五專,15,14,1,0,0,0,0,0,0,0,0,0,0,3,1,0,0,0,0,11,0,01 新北市,2 技職
113,1045,嶺東科技大學,D 日,M 碩士,249,112,137,0,0,54,62,33,42,17,24,8,9,0,0,0,0,0,0,0,0,19 臺中市,2 技職
113,1045,嶺東科技大學,N 職,M 碩士,177,106,71,0,0,54,36,39,33,9,2,4,0,0,0,0,0,0,0,0,0,19 臺中市,2 技職
113,1045,嶺東科技大學,D 日,B 四技,5744,2297,3447,0,0,607,819,532,796,482,817,574,914,0,0,0,0,0,0,102,101,19 臺中市,2 技職
113,1045,嶺東科技大學,N 修,B 四技,2024,1103,921,0,0,308,223,198,162,237,214,272,257,0,0,0,0,0,0,88,65,19 臺中市,2 技職
113,1045,嶺東科技大學,N 修,C 二技,161,6,155,0,0,0,0,0,0,2,115,4,39,0,0,0,0,0,0,0,1,19 臺中市,2 技職
113,1046,中國科技大學,D 日,M 碩士,134,73,61,0,0,23,23,33,25,14,9,3,4,0,0,0,0,0,0,0,0,30 臺北市,2 技職
113,1046,中國科技大學,N 職,M 碩士,64,39,25,0,0,17,17,18,8,2,0,2,0,0,0,0,0,0,0,0,0,30 臺北市,2 技職
113,1046,中國科技大學,D 日,B 四技,4086,1934,2152,37,44,444,486,364,397,414,520,521,583,0,0,0,0,0,0,154,122,30 臺北市,2 技職
113,1046,中國科技大學,N 修,B 四技,657,385,272,0,0,86,57,78,54,74,66,104,70,0,0,0,0,0,0,43,25,30 臺北市,2 技職
113,1046,中國科技大學,N 修,C 二技,508,286,222,0,0,0,0,0,0,146,118,129,100,0,0,0,0,0,0,11,4,30 臺北市,2 技職
113,1046,中國科技大學,N 修,2 二專,112,61,51,0,0,23,22,20,21,0,0,0,0,0,0,0,0,0,0,18,8,30 臺北市,2 技職
113,1047,中臺科技大學,D 日,D 博士,10,7,3,0,0,2,1,5,0,0,1,0,1,0,0,0,0,0,0,0,0,19 臺中市,2 技職
113,1047,中臺科技大學,D 日,M 碩士,143,34,109,0,0,18,45,11,36,4,19,1,8,0,1,0,0,0,0,0,0,19 臺中市,2 技職
113,1047,中臺科技大學,N 職,M 碩士,286,45,241,0,0,15,83,11,62,7,45,10,46,2,5,0,0,0,0,0,0,19 臺中市,2 技職
113,1047,中臺科技大學,D 日,B 四技,3133,1328,1805,5,7,317,433,323,391,229,425,319,427,0,0,0,0,0,0,135,122,19 臺中市,2 技職
113,1047,中臺科技大學,N 修,B 四技,966,366,600,0,0,84,102,74,120,72,125,81,169,16,52,0,0,0,0,39,32,19 臺中市,2 技職
113,1047,中臺科技大學,D 日,C 二技,614,85,529,0,0,0,0,0,0,47,272,36,252,0,0,0,0,0,0,2,5,19 臺中市,2 技職
113,1047,中臺科技大學,N 修,C 二技,908,111,797,0,0,0,0,0,0,44,408,50,356,17,30,0,0,0,0,0,3,19 臺中市,2 技職
113,1047,中臺科技大學,D 日,5 五專,42,7,35,0,0,7,35,0,0,0,0,0,0,0,0,0,0,0,0,0,0,19 臺中市,2 技職
113,1048,亞洲大學,D 日,D 博士,213,128,85,0,0,26,21,21,15,29,20,22,12,14,9,9,3,7,5,0,0,06 臺中市,1 一般
113,1048,亞洲大學,D 日,M 碩士,624,228,396,0,0,92,139,64,117,40,85,32,55,0,0,0,0,0,0,0,0,06 臺中市,1 一般
113,1048,亞洲大學,N 職,M 碩士,350,137,213,0,0,58,93,43,75,26,35,10,10,0,0,0,0,0,0,0,0,06 臺中市,1 一般
113,1048,亞洲大學,D 日,B 學士,9261,3277,5984,27,51,818,1593,764,1424,677,1305,749,1398,0,0,0,0,0,0,242,213,06 臺中市,1 一般
113,1048,亞洲大學,P 進,B 學士,328,158,170,0,0,38,39,20,23,23,38,48,48,0,0,0,0,0,0,29,22,06 臺中市,1 一般
113,1049,開南大學,D 日,M 碩士,192,78,114,0,0,37,56,16,24,13,18,9,15,2,1,1,0,0,0,0,0,03 桃園市,1 一般
113,1049,開南大學,N 職,M 碩士,347,187,160,0,0,99,85,44,49,17,16,17,5,7,3,3,2,0,0,0,0,03 桃園市,1 一般
113,1049,開南大學,D 日,B 學士,3097,1403,1694,148,345,388,535,204,196,269,215,249,292,0,0,0,0,0,0,145,111,03 桃園市,1 一般
113,1049,開南大學,P 進,B 學士,1067,559,508,0,0,125,159,144,107,128,125,126,95,0,0,0,0,0,0,36,22,03 桃園市,1 一般
113,1050,佛光大學,D 日,D 博士,75,24,51,0,0,3,6,7,6,3,6,0,8,3,7,2,7,6,11,0,0,02 宜蘭縣,1 一般
113,1050,佛光大學,D 日,M 碩士,453,175,278,0,0,57,113,46,67,35,43,35,53,0,1,0,1,2,0,0,0,02 宜蘭縣,1 一般
113,1050,佛光大學,N 職,M 碩士,111,59,52,0,0,39,37,8,6,6,5,5,3,1,1,0,0,0,0,0,0,02 宜蘭縣,1 一般
113,1050,佛光大學,D 日,B 學士,1886,931,955,7,7,195,193,186,174,214,238,243,273,0,0,0,0,0,0,86,70,02 宜蘭縣,1 一般
113,1051,台南應用科技大學,D 日,M 碩士,120,36,84,0,0,8,27,15,28,10,22,3,7,0,0,0,0,0,0,0,0,11 臺南市,2 技職
113,1051,台南應用科技大學,N 職,M 碩士,99,23,76,0,0,8,25,6,26,5,11,4,11,0,3,0,0,0,0,0,0,11 臺南市,2 技職
113,1051,台南應用科技大學,D 日,B 四技,6273,1856,4417,11,19,487,1129,481,1066,342,962,464,1137,0,0,0,0,0,0,71,104,11 臺南市,2 技職
113,1051,台南應用科技大學,N 修,B 四技,1224,450,774,0,0,115,155,86,169,100,170,104,188,4,55,0,0,0,0,41,37,11 臺南市,2 技職
113,1051,台南應用科技大學,D 日,C 二技,387,93,294,0,0,0,0,0,0,40,135,41,139,0,0,0,0,0,0,12,20,11 臺南市,2 技職
113,1051,台南應用科技大學,N 修,C 二技,142,9,133,0,0,0,0,0,0,3,79,6,43,0,0,0,0,0,0,0,11,11 臺南市,2 技職
113,1051,台南應用科技大學,D 日,5 五專,843,206,637,0,0,36,135,41,132,43,132,42,121,44,117,0,0,0,0,0,0,11 臺南市,2 技職
113,1052,中信科技大學,D 日,M 碩士,221,122,99,0,0,58,51,42,31,14,16,8,1,0,0,0,0,0,0,0,0,11 臺南市,2 技職
113,1052,中信科技大學,N 職,M 碩士,31,28,3,0,0,14,1,6,1,4,0,3,1,1,0,0,0,0,0,0,0,11 臺南市,2 技職
113,1052,中信科技大學,D 日,B 四技,920,706,214,0,0,168,36,103,31,164,61,176,53,0,0,0,0,0,0,95,33,11 臺南市,2 技職
113,1052,中信科技大學,N 修,B 四技,222,179,43,0,0,53,10,42,6,35,12,36,14,0,0,0,0,0,0,13,1,11 臺南市,2 技職
113,1052,中信科技大學,N 修,C 二技,280,184,96,0,0,0,0,0,0,89,47,87,47,0,0,0,0,0,0,8,2,11 臺南市,2 技職
113,1052,中信科技大學,N 修,2 二專,100,63,37,0,0,39,19,20,18,0,0,0,0,0,0,0,0,0,0,4,0,11 臺南市,2 技職
113,1053,元培醫事科技大學,D 日,D 博士,2,2,0,0,0,0,0,0,0,0,0,1,0,1,0,0,0,0,0,0,0,18 新竹市,2 技職
113,1053,元培醫事科技大學,D 日,M 碩士,186,65,121,0,0,21,34,27,62,10,23,7,2,0,0,0,0,0,0,0,0,18 新竹市,2 技職
113,1053,元培醫事科技大學,N 職,M 碩士,34,7,27,0,0,1,6,2,12,2,8,2,1,0,0,0,0,0,0,0,0,18 新竹市,2 技職
113,1053,元培醫事科技大學,D 日,B 四技,2303,966,1337,45,49,223,327,174,234,181,262,241,387,0,0,0,0,0,0,102,78,18 新竹市,2 技職
113,1053,元培醫事科技大學,N 修,B 四技,590,287,303,0,0,45,41,45,53,52,70,72,101,0,0,0,0,0,0,73,38,18 新竹市,2 技職
113,1053,元培醫事科技大學,D 日,C 二技,89,6,83,0,0,0,0,0,0,2,38,4,45,0,0,0,0,0,0,0,0,18 新竹市,2 技職
113,1053,元培醫事科技大學,N 修,C 二技,367,69,298,0,0,0,0,0,0,27,70,39,223,0,0,0,0,0,0,3,5,18 新竹市,2 技職
113,1054,景文科技大學,D 日,M 碩士,1,0,1,0,0,0,0,0,0,0,1,0,0,0,0,0,0,0,0,0,0,01 新北市,2 技職
113,1054,景文科技大學,N 職,M 碩士,51,37,14,0,0,12,7,19,4,3,1,3,2,0,0,0,0,0,0,0,0,01 新北市,2 技職
113,1054,景文科技大學,D 日,B 四技,3401,1498,1903,22,62,356,491,307,379,369,429,325,408,0,0,0,0,0,0,119,134,01 新北市,2 技職
113,1054,景文科技大學,N 修,B 四技,554,286,268,0,0,80,69,71,73,75,66,45,52,0,0,0,0,0,0,15,8,01 新北市,2 技職
113,1054,景文科技大學,D 日,C 二技,3,0,3,0,0,0,0,0,0,0,2,0,1,0,0,0,0,0,0,0,0,01 新北市,2 技職
113,1054,景文科技大學,N 修,C 二技,282,139,143,0,0,0,0,0,0,69,82,58,58,0,0,0,0,0,0,12,3,01 新北市,2 技職
113,1054,景文科技大學,N 修,2 二專,62,41,21,0,0,15,7,22,13,0,0,0,0,0,0,0,0,0,0,4,1,01 新北市,2 技職
113,1055,中華醫事科技大學,D 日,M 碩士,87,47,40,0,0,18,17,11,17,15,2,3,4,0,0,0,0,0,0,0,0,11 臺南市,2 技職
113,1055,中華醫事科技大學,N 職,M 碩士,27,12,15,0,0,3,5,6,6,3,3,0,1,0,0,0,0,0,0,0,0,11 臺南市,2 技職
113,1055,中華醫事科技大學,D 日,B 四技,1814,638,1176,0,0,124,265,153,248,172,290,142,315,0,0,0,0,0,0,47,58,11 臺南市,2 技職
113,1055,中華醫事科技大學,N 修,B 四技,301,145,156,0,0,22,23,26,26,38,48,43,50,0,0,0,0,0,0,16,9,11 臺南市,2 技職
113,1055,中華醫事科技大學,D 日,C 二技,768,183,585,0,0,0,0,0,0,94,289,87,286,0,0,0,0,0,0,2,10,11 臺南市,2 技職
113,1055,中華醫事科技大學,N 修,C 二技,651,181,470,0,0,0,0,0,0,103,257,71,203,0,0,0,0,0,0,7,10,11 臺南市,2 技職
113,1055,中華醫事科技大學,N 修,2 二專,69,38,31,0,0,24,18,12,12,0,0,0,0,0,0,0,0,0,0,2,1,11 臺南市,2 技職
113,1055,中華醫事科技大學,D 日,5 五專,3251,724,2527,0,0,174,541,176,530,131,500,96,457,120,455,0,0,0,0,27,44,11 臺南市,2 技職
113,1056,東南科技大學,D 日,M 碩士,154,86,68,0,0,33,17,41,37,8,6,4,8,0,0,0,0,0,0,0,0,01 新北市,2 技職
113,1056,東南科技大學,N 職,M 碩士,65,53,12,0,0,28,5,21,6,3,0,1,1,0,0,0,0,0,0,0,0,01 新北市,2 技職
113,1056,東南科技大學,D 日,B 四技,2898,1766,1132,93,84,409,287,277,186,419,242,408,250,0,0,0,0,0,0,160,83,01 新北市,2 技職
113,1056,東南科技大學,N 修,B 四技,439,304,135,0,0,68,24,75,28,57,47,76,29,0,0,0,0,0,0,28,7,01 新北市,2 技職
113,1057,德明財經科技大學,D 日,M 碩士,46,15,31,0,0,4,12,6,12,2,5,3,2,0,0,0,0,0,0,0,0,30 臺北市,2 技職
113,1057,德明財經科技大學,N 職,M 碩士,29,10,19,0,0,7,11,1,7,1,1,1,0,0,0,0,0,0,0,0,0,30 臺北市,2 技職
113,1057,德明財經科技大學,D 日,B 四技,4625,2018,2607,66,94,407,557,415,578,405,488,483,659,0,0,0,0,0,0,242,231,30 臺北市,2 技職
113,1057,德明財經科技大學,N 修,B 四技,202,117,85,0,0,49,22,14,6,13,24,29,28,0,0,0,0,0,0,12,5,30 臺北市,2 技職
113,1057,德明財經科技大學,D 日,C 二技,31,11,20,0,0,0,0,0,0,4,4,5,13,0,0,0,0,0,0,2,3,30 臺北市,2 技職
113,1057,德明財經科技大學,N 修,C 二技,153,67,86,0,0,0,0,0,0,32,42,34,43,0,0,0,0,0,0,1,1,30 臺北市,2 技職
113,1060,南開科技大學,D 日,M 碩士,64,30,34,0,0,9,16,16,14,4,4,1,0,0,0,0,0,0,0,0,0,08 南投縣,2 技職
113,1060,南開科技大學,N 職,M 碩士,46,16,30,0,0,10,12,5,15,0,1,1,2,0,0,0,0,0,0,0,0,08 南投縣,2 技職
113,1060,南開科技大學,D 日,B 四技,1322,831,491,0,0,225,184,138,102,236,102,173,86,0,0,0,0,0,0,59,17,08 南投縣,2 技職
113,1060,南開科技大學,N 修,B 四技,481,355,126,0,0,76,38,63,29,83,27,109,26,0,0,0,0,0,0,24,6,08 南投縣,2 技職
113,1060,南開科技大學,N 修,C 二技,269,145,124,0,0,0,0,0,0,70,65,68,56,0,0,0,0,0,0,7,3,08 南投縣,2 技職
113,1060,南開科技大學,N 修,2 二專,45,27,18,0,0,15,6,12,11,0,0,0,0,0,0,0,0,0,0,0,1,08 南投縣,2 技職
113,1060,南開科技大學,D 日,5 五專,211,187,24,0,0,35,2,28,6,30,3,43,8,50,5,0,0,0,0,1,0,08 南投縣,2 技職
113,1061,中華科技大學,D 日,M 碩士,183,118,65,0,0,66,36,42,25,9,4,1,0,0,0,0,0,0,0,0,0,30 臺北市,2 技職
113,1061,中華科技大學,N 職,M 碩士,78,56,22,0,0,39,10,15,12,1,0,0,0,0,0,1,0,0,0,0,0,30 臺北市,2 技職
113,1061,中華科技大學,D 日,B 四技,1338,870,468,0,0,158,141,109,89,210,85,285,116,0,0,0,0,0,0,108,37,30 臺北市,2 技職
113,1061,中華科技大學,N 修,B 四技,498,399,99,0,0,75,21,95,21,128,21,87,26,0,0,0,0,0,0,14,10,30 臺北市,2 技職
113,1061,中華科技大學,D 日,C 二技,30,5,25,0,0,0,0,0,0,5,25,0,0,0,0,0,0,0,0,0,0,30 臺北市,2 技職
113,1061,中華科技大學,N 修,C 二技,596,372,224,0,0,0,0,0,0,211,142,161,81,0,0,0,0,0,0,0,1,30 臺北市,2 技職
113,1061,中華科技大學,N 修,2 二專,99,53,46,0,0,25,31,20,14,0,0,0,0,0,0,0,0,0,0,8,1,30 臺北市,2 技職
113,1061,中華科技大學,D 日,5 五專,44,34,10,0,0,34,10,0,0,0,0,0,0,0,0,0,0,0,0,0,0,30 臺北市,2 技職
113,1062,僑光科技大學,D 日,M 碩士,65,35,30,0,0,25,18,8,10,2,1,0,1,0,0,0,0,0,0,0,0,19 臺中市,2 技職
113,1062,僑光科技大學,N 職,M 碩士,89,50,39,0,0,39,17,11,21,0,1,0,0,0,0,0,0,0,0,0,0,19 臺中市,2 技職
113,1062,僑光科技大學,D 日,B 四技,4793,2315,2478,0,0,648,607,521,571,505,524,567,721,0,0,0,0,0,0,74,55,19 臺中市,2 技職
113,1062,僑光科技大學,N 修,B 四技,3047,1931,1116,0,0,541,258,412,251,415,235,436,285,0,0,0,0,0,0,127,87,19 臺中市,2 技職
113,1062,僑光科技大學,N 修,C 二技,1,1,0,0,0,0,0,0,0,0,0,0,0,0,0,0,0,0,0,1,0,19 臺中市,2 技職
113,1063,育達科技大學,D 日,M 碩士,117,56,61,0,0,24,23,12,18,13,16,7,4,0,0,0,0,0,0,0,0,05 苗栗縣,2 技職
113,1063,育達科技大學,N 職,M 碩士,151,78,73,0,0,22,37,34,24,8,2,14,10,0,0,0,0,0,0,0,0,05 苗栗縣,2 技職
113,1063,育達科技大學,D 日,B 四技,1589,772,817,215,226,204,211,108,151,79,108,106,94,0,0,0,0,0,0,60,27,05 苗栗縣,2 技職
113,1063,育達科技大學,N 修,B 四技,516,306,210,0,0,83,71,66,39,56,35,71,51,0,0,0,0,0,0,30,14,05 苗栗縣,2 技職
113,1063,育達科技大學,N 修,C 二技,1013,325,688,0,0,0,0,0,0,137,349,167,326,0,0,0,0,0,0,21,13,05 苗栗縣,2 技職
113,1064,美和科技大學,D 日,M 碩士,175,57,118,0,0,27,41,21,46,5,24,4,5,0,2,0,0,0,0,0,0,13 屏東縣,2 技職
113,1064,美和科技大學,N 職,M 碩士,124,34,90,0,0,8,36,20,26,1,12,5,16,0,0,0,0,0,0,0,0,13 屏東縣,2 技職
113,1064,美和科技大學,D 日,B 四技,1159,541,618,0,0,139,139,120,117,117,134,143,207,0,0,0,0,0,0,22,21,13 屏東縣,2 技職
113,1064,美和科技大學,N 修,B 四技,254,82,172,0,0,16,31,17,30,18,49,26,47,0,0,0,0,0,0,5,15,13 屏東縣,2 技職
113,1064,美和科技大學,D 日,C 二技,162,26,136,0,0,0,0,0,0,17,86,9,48,0,0,0,0,0,0,0,2,13 屏東縣,2 技職
113,1064,美和科技大學,N 修,C 二技,1016,246,770,0,0,0,0,0,0,142,375,100,384,0,0,0,0,0,0,4,11,13 屏東縣,2 技職
113,1064,美和科技大學,N 修,2 二專,80,53,27,0,0,25,10,24,16,0,0,0,0,0,0,0,0,0,0,4,1,13 屏東縣,2 技職
113,1064,美和科技大學,D 日,5 五專,1490,214,1276,0,0,32,226,60,271,49,277,35,231,25,223,0,0,0,0,13,48,13 屏東縣,2 技職
113,1065,吳鳳科技大學,D 日,M 碩士,37,20,17,0,0,11,10,5,7,2,0,2,0,0,0,0,0,0,0,0,0,10 嘉義縣,2 技職
113,1065,吳鳳科技大學,N 職,M 碩士,64,34,30,0,0,23,20,8,10,3,0,0,0,0,0,0,0,0,0,0,0,10 嘉義縣,2 技職
113,1065,吳鳳科技大學,D 日,B 四技,2399,1488,911,71,106,392,251,273,166,292,167,412,197,0,0,0,0,0,0,48,24,10 嘉義縣,2 技職
113,1065,吳鳳科技大學,N 修,B 四技,523,381,142,0,0,92,40,82,27,75,30,111,41,0,0,0,0,0,0,21,4,10 嘉義縣,2 技職
113,1065,吳鳳科技大學,N 修,C 二技,729,349,380,0,0,0,0,0,0,183,203,164,175,0,0,0,0,0,0,2,2,10 嘉義縣,2 技職
113,1065,吳鳳科技大學,N 修,2 二專,181,81,100,0,0,50,53,30,47,0,0,0,0,0,0,0,0,0,0,1,0,10 嘉義縣,2 技職
113,1069,修平科技大學,D 日,M 碩士,89,53,36,0,0,27,16,19,14,7,6,0,0,0,0,0,0,0,0,0,0,06 臺中市,2 技職
113,1069,修平科技大學,N 職,M 碩士,40,31,9,0,0,9,6,10,1,12,2,0,0,0,0,0,0,0,0,0,0,06 臺中市,2 技職
113,1069,修平科技大學,D 日,B 四技,1952,1264,688,61,84,264,162,260,160,288,155,312,97,0,0,0,0,0,0,79,30,06 臺中市,2 技職
113,1069,修平科技大學,N 修,B 四技,705,644,61,0,0,114,22,96,10,167,16,213,11,0,0,0,0,0,0,54,2,06 臺中市,2 技職
113,1069,修平科技大學,N 修,C 二技,570,350,220,0,0,0,0,0,0,170,105,170,110,0,0,0,0,0,0,10,5,06 臺中市,2 技職
113,1069,修平科技大學,N 修,2 二專,2,2,0,0,0,0,0,0,0,0,0,0,0,0,0,0,0,0,0,2,0,06 臺中市,2 技職
113,1070,長庚科技大學,D 日,M 碩士,102,14,88,0,0,4,41,6,23,2,22,2,2,0,0,0,0,0,0,0,0,03 桃園市,2 技職
113,1070,長庚科技大學,N 職,M 碩士,152,7,145,0,0,1,40,3,33,2,35,1,26,0,9,0,1,0,1,0,0,03 桃園市,2 技職
113,1070,長庚科技大學,D 日,B 四技,3224,491,2733,0,0,126,711,128,673,109,629,124,703,0,0,0,0,0,0,4,17,03 桃園市,2 技職
113,1070,長庚科技大學,D 日,C 二技,1408,113,1295,0,0,0,0,0,0,54,635,59,654,0,0,0,0,0,0,0,6,03 桃園市,2 技職
113,1070,長庚科技大學,N 修,C 二技,1102,89,1013,0,0,0,0,0,0,51,524,38,477,0,7,0,0,0,0,0,5,03 桃園市,2 技職
113,1071,臺北城市科技大學,D 日,M 碩士,90,62,28,0,0,30,12,17,12,7,2,8,2,0,0,0,0,0,0,0,0,30 臺北市,2 技職
113,1071,臺北城市科技大學,D 日,B 四技,6638,3841,2797,222,298,981,840,684,566,764,568,777,367,0,0,0,0,0,0,413,158,30 臺北市,2 技職
113,1071,臺北城市科技大學,N 修,B 四技,598,459,139,0,0,123,43,100,32,101,35,108,25,0,0,0,0,0,0,27,4,30 臺北市,2 技職
113,1071,臺北城市科技大學,N 修,C 二技,423,234,189,0,0,0,0,0,0,114,105,117,75,0,0,0,0,0,0,3,9,30 臺北市,2 技職
113,1071,臺北城市科技大學,D 日,2 二專,9,8,1,0,0,0,0,0,0,0,0,0,0,0,0,0,0,0,0,8,1,30 臺北市,2 技職
113,1071,臺北城市科技大學,N 修,2 二專,309,156,153,0,0,81,94,72,57,0,0,0,0,0,0,0,0,0,0,3,2,30 臺北市,2 技職
113,1071,臺北城市科技大學,D 日,5 五專,711,446,265,0,0,115,56,92,67,65,39,92,40,65,50,0,0,0,0,17,13,30 臺北市,2 技職
113,1072,敏實科技大學,D 日,B 四技,795,475,320,63,74,191,104,95,64,50,64,56,11,0,0,0,0,0,0,20,3,04 新竹縣,2 技職
113,1072,敏實科技大學,N 修,B 四技,196,146,50,0,0,75,14,52,5,9,15,6,12,0,0,0,0,0,0,4,4,04 新竹縣,2 技職
113,1072,敏實科技大學,D 日,5 五專,80,34,46,0,0,7,9,6,14,11,7,6,7,4,9,0,0,0,0,0,0,04 新竹縣,2 技職
113,1073,醒吾科技大學,D 日,M 碩士,41,17,24,0,0,9,14,5,4,2,4,1,2,0,0,0,0,0,0,0,0,01 新北市,2 技職
113,1073,醒吾科技大學,N 職,M 碩士,46,18,28,0,0,9,17,7,9,2,0,0,2,0,0,0,0,0,0,0,0,01 新北市,2 技職
113,1073,醒吾科技大學,D 日,B 四技,4642,1811,2831,24,18,400,731,394,724,379,568,455,672,0,0,0,0,0,0,159,118,01 新北市,2 技職
113,1073,醒吾科技大學,N 修,B 四技,467,231,236,0,0,88,78,39,45,44,42,48,65,0,0,0,0,0,0,12,6,01 新北市,2 技職
113,1073,醒吾科技大學,N 修,C 二技,316,121,195,0,0,0,0,0,0,53,95,62,96,0,0,0,0,0,0,6,4,01 新北市,2 技職
113,1073,醒吾科技大學,N 修,2 二專,34,19,15,0,0,10,7,7,6,0,0,0,0,0,0,0,0,0,0,2,2,01 新北市,2 技職
113,1073,醒吾科技大學,D 日,5 五專,88,31,57,0,0,0,0,0,0,6,14,14,17,10,20,0,0,0,0,1,6,01 新北市,2 技職
113,1075,文藻外語大學,D 日,M 碩士,221,66,155,0,0,23,51,16,38,12,33,15,33,0,0,0,0,0,0,0,0,50 高雄市,2 技職
113,1075,文藻外語大學,N 職,M 碩士,52,15,37,0,0,3,9,3,7,5,7,2,8,1,5,1,1,0,0,0,0,50 高雄市,2 技職
113,1075,文藻外語大學,D 日,B 四技,3656,1078,2578,0,0,230,563,239,541,243,565,244,651,0,0,0,0,0,0,122,258,50 高雄市,2 技職
113,1075,文藻外語大學,N 修,B 四技,649,251,398,0,0,63,79,42,62,29,64,56,98,0,0,0,0,0,0,61,95,50 高雄市,2 技職
113,1075,文藻外語大學,D 日,C 二技,138,26,112,0,0,0,0,0,0,11,44,11,43,0,0,0,0,0,0,4,25,50 高雄市,2 技職
113,1075,文藻外語大學,N 修,C 二技,107,33,74,0,0,0,0,0,0,18,29,11,30,0,0,0,0,0,0,4,15,50 高雄市,2 技職
113,1075,文藻外語大學,D 日,5 五專,2026,365,1661,0,0,97,421,90,345,63,340,60,276,48,255,0,0,0,0,7,24,50 高雄市,2 技職
113,1076,華夏科技大學,D 日,M 碩士,10,8,2,0,0,0,0,0,0,3,2,5,0,0,0,0,0,0,0,0,0,01 新北市,2 技職
113,1076,華夏科技大學,N 職,M 碩士,17,12,5,0,0,0,0,0,0,8,3,4,2,0,0,0,0,0,0,0,0,01 新北市,2 技職
113,1076,華夏科技大學,D 日,B 四技,331,229,102,0,0,0,0,0,0,64,22,123,66,0,0,0,0,0,0,42,14,01 新北市,2 技職
113,1076,華夏科技大學,N 修,B 四技,211,122,89,0,0,0,0,0,0,45,40,57,40,0,0,0,0,0,0,20,9,01 新北市,2 技職
113,1076,華夏科技大學,D 日,C 二技,2,2,0,0,0,0,0,0,0,0,0,0,0,0,0,0,0,0,0,2,0,01 新北市,2 技職
113,1076,華夏科技大學,N 修,C 二技,11,7,4,0,0,0,0,0,0,1,0,1,1,0,0,0,0,0,0,5,3,01 新北市,2 技職
113,1076,華夏科技大學,N 修,2 二專,1,1,0,0,0,0,0,0,0,0,0,0,0,0,0,0,0,0,0,1,0,01 新北市,2 技職
113,1076,華夏科技大學,D 日,5 五專,239,187,52,0,0,0,0,0,0,46,11,60,20,73,21,0,0,0,0,8,0,01 新北市,2 技職
113,1078,致理科技大學,D 日,M 碩士,78,16,62,0,0,7,28,7,23,1,9,1,2,0,0,0,0,0,0,0,0,01 新北市,2 技職
113,1078,致理科技大學,N 職,M 碩士,55,16,39,0,0,7,18,6,12,2,4,1,4,0,1,0,0,0,0,0,0,01 新北市,2 技職
113,1078,致理科技大學,D 日,B 四技,6329,2203,4126,0,0,584,1008,481,981,513,906,465,1028,0,0,0,0,0,0,160,203,01 新北市,2 技職
113,1078,致理科技大學,N 修,B 四技,2288,1036,1252,0,0,242,253,228,214,203,272,230,352,0,0,0,0,0,0,133,161,01 新北市,2 技職
113,1078,致理科技大學,D 日,C 二技,224,52,172,0,0,0,0,0,0,24,86,21,81,0,0,0,0,0,0,7,5,01 新北市,2 技職
113,1078,致理科技大學,N 修,C 二技,329,121,208,0,0,0,0,0,0,75,114,44,88,0,0,0,0,0,0,2,6,01 新北市,2 技職
113,1078,致理科技大學,D 日,5 五專,1554,383,1171,0,0,89,249,88,222,81,240,61,217,58,220,0,0,0,0,6,23,01 新北市,2 技職
113,1079,康寧大學,N 職,M 碩士,2,2,0,0,0,0,0,0,0,0,0,0,0,1,0,0,0,1,0,0,0,30 臺北市,1 一般
113,1079,康寧大學,D 日,B 學士,137,37,100,0,0,6,18,8,21,6,21,10,29,0,0,0,0,0,0,7,11,30 臺北市,1 一般
113,1079,康寧大學,N 修,C 二技,195,23,172,0,0,0,0,0,0,10,91,13,81,0,0,0,0,0,0,0,0,30 臺北市,2 技職
113,1079,康寧大學,N 修,2 二專,207,56,151,0,0,24,68,14,68,18,15,0,0,0,0,0,0,0,0,0,0,30 臺北市,2 技職
113,1079,康寧大學,D 日,5 五專,2698,645,2053,0,0,128,417,138,447,130,418,109,357,109,344,0,0,0,0,31,70,30 臺北市,2 技職
113,1080,宏國德霖科技大學,D 日,M 碩士,34,17,17,0,0,5,8,7,8,2,1,3,0,0,0,0,0,0,0,0,0,01 新北市,2 技職
113,1080,宏國德霖科技大學,D 日,B 四技,1719,964,755,227,215,223,189,114,101,176,110,165,115,0,0,0,0,0,0,59,25,01 新北市,2 技職
113,1080,宏國德霖科技大學,N 修,B 四技,636,391,245,0,0,115,62,75,42,76,61,93,60,0,0,0,0,0,0,32,20,01 新北市,2 技職
113,1080,宏國德霖科技大學,D 日,C 二技,47,22,25,0,0,0,0,0,0,13,16,8,7,0,0,0,0,0,0,1,2,01 新北市,2 技職
113,1080,宏國德霖科技大學,N 修,C 二技,825,494,331,0,0,0,0,0,0,274,180,196,145,0,0,0,0,0,0,24,6,01 新北市,2 技職
113,1080,宏國德霖科技大學,D 日,5 五專,1031,635,396,0,0,142,77,138,80,114,96,123,69,107,71,0,0,0,0,11,3,01 新北市,2 技職
113,1082,崇右影藝科技大學,D 日,M 碩士,24,12,12,0,0,4,3,4,4,2,3,2,2,0,0,0,0,0,0,0,0,17 基隆市,2 技職
113,1082,崇右影藝科技大學,D 日,B 四技,1090,489,601,0,0,141,173,50,106,58,83,199,190,0,0,0,0,0,0,41,49,17 基隆市,2 技職
113,1083,台北海洋科技大學,D 日,M 碩士,108,53,55,0,0,28,29,16,20,8,6,1,0,0,0,0,0,0,0,0,0,01 新北市,2 技職
113,1083,台北海洋科技大學,D 日,B 四技,1837,1074,763,0,0,289,214,260,166,213,178,239,163,0,0,0,0,0,0,73,42,01 新北市,2 技職
113,1083,台北海洋科技大學,N 修,B 四技,244,116,128,0,0,48,52,30,23,14,32,20,20,0,0,0,0,0,0,4,1,01 新北市,2 技職
113,1083,台北海洋科技大學,D 日,C 二技,108,66,42,0,0,0,0,0,0,20,12,38,29,0,0,0,0,0,0,8,1,01 新北市,2 技職
113,1083,台北海洋科技大學,N 修,C 二技,689,310,379,0,0,0,0,0,0,209,217,98,157,0,0,0,0,0,0,3,5,01 新北市,2 技職
113,1083,台北海洋科技大學,N 修,2 二專,102,96,6,0,0,46,2,49,4,0,0,0,0,0,0,0,0,0,0,1,0,01 新北市,2 技職
113,1083,台北海洋科技大學,D 日,5 五專,533,343,190,0,0,74,44,70,44,82,29,55,45,51,22,0,0,0,0,11,6,01 新北市,2 技職
113,1084,亞東科技大學,D 日,M 碩士,61,43,18,0,0,18,11,17,4,6,2,2,1,0,0,0,0,0,0,0,0,01 新北市,2 技職
113,1084,亞東科技大學,D 日,B 四技,3589,2533,1056,0,0,788,317,615,323,487,178,522,216,0,0,0,0,0,0,121,22,01 新北市,2 技職
113,1084,亞東科技大學,D 日,C 二技,171,13,158,0,0,0,0,0,0,8,76,5,82,0,0,0,0,0,0,0,0,01 新北市,2 技職
113,1084,亞東科技大學,N 修,C 二技,129,14,115,0,0,0,0,0,0,4,32,6,42,4,41,0,0,0,0,0,0,01 新北市,2 技職
113,1125,中信金融管理學院,D 日,D 博士,3,1,2,0,0,1,2,0,0,0,0,0,0,0,0,0,0,0,0,0,0,21 臺南市,1 一般
113,1125,中信金融管理學院,D 日,M 碩士,134,73,61,0,0,51,43,11,12,8,6,3,0,0,0,0,0,0,0,0,0,21 臺南市,1 一般
113,1125,中信金融管理學院,N 職,M 碩士,49,20,29,0,0,11,19,7,8,2,2,0,0,0,0,0,0,0,0,0,0,21 臺南市,1 一般
113,1125,中信金融管理學院,D 日,B 學士,731,399,332,0,0,111,89,87,84,79,88,112,70,0,0,0,0,0,0,10,1,21 臺南市,1 一般
113,1148,大漢技術學院,D 日,M 碩士,40,23,17,0,0,0,0,15,6,8,11,0,0,0,0,0,0,0,0,0,0,15 花蓮縣,2 技職
113,1148,大漢技術學院,D 日,B 四技,55,37,18,0,0,0,0,7,4,9,5,13,7,0,0,0,0,0,0,8,2,15 花蓮縣,2 技職
113,1148,大漢技術學院,N 修,B 四技,114,70,44,0,0,0,0,6,7,23,14,27,20,0,0,0,0,0,0,14,3,15 花蓮縣,2 技職
113,1148,大漢技術學院,N 修,C 二技,87,46,41,0,0,0,0,0,0,1,0,38,38,0,0,0,0,0,0,7,3,15 花蓮縣,2 技職
113,1148,大漢技術學院,N 修,2 二專,14,5,9,0,0,0,0,5,8,0,0,0,0,0,0,0,0,0,0,0,1,15 花蓮縣,2 技職
113,1168,南亞技術學院,D 日,B 四技,739,527,212,0,0,175,63,112,42,121,41,96,54,0,0,0,0,0,0,23,12,03 桃園市,2 技職
113,1168,南亞技術學院,N 修,B 四技,143,56,87,0,0,0,0,16,42,16,21,15,21,0,0,0,0,0,0,9,3,03 桃園市,2 技職
113,1168,南亞技術學院,N 修,C 二技,812,184,628,0,0,0,0,0,0,89,302,90,321,0,0,0,0,0,0,5,5,03 桃園市,2 技職
113,1168,南亞技術學院,N 修,2 二專,89,2,87,0,0,2,87,0,0,0,0,0,0,0,0,0,0,0,0,0,0,03 桃園市,2 技職
113,1168,南亞技術學院,D 日,5 五專,41,25,16,0,0,0,0,0,0,0,0,16,6,8,9,0,0,0,0,1,1,03 桃園市,2 技職
113,1183,黎明技術學院,D 日,M 碩士,24,9,15,0,0,5,7,4,8,0,0,0,0,0,0,0,0,0,0,0,0,01 新北市,2 技職
113,1183,黎明技術學院,D 日,B 四技,3253,1700,1553,113,62,474,414,337,360,334,296,297,313,0,0,0,0,0,0,145,108,01 新北市,2 技職
113,1183,黎明技術學院,N 修,B 四技,1297,894,403,0,0,307,164,210,75,170,79,185,70,0,0,0,0,0,0,22,15,01 新北市,2 技職
113,1183,黎明技術學院,N 修,C 二技,48,10,38,0,0,0,0,0,0,7,24,3,14,0,0,0,0,0,0,0,0,01 新北市,2 技職
113,1183,黎明技術學院,D 日,5 五專,302,238,64,0,0,50,21,58,10,53,13,44,11,30,8,0,0,0,0,3,1,01 新北市,2 技職
113,1185,德育護理健康學院,D 日,M 碩士,37,6,31,0,0,2,12,3,11,0,6,1,2,0,0,0,0,0,0,0,0,17 基隆市,2 技職
113,1185,德育護理健康學院,N 職,M 碩士,60,17,43,0,0,6,21,9,17,1,1,1,2,0,2,0,0,0,0,0,0,17 基隆市,2 技職
113,1185,德育護理健康學院,D 日,B 四技,1243,480,763,26,38,73,124,140,239,112,178,73,127,0,0,0,0,0,0,56,57,17 基隆市,2 技職
113,1185,德育護理健康學院,D 日,C 二技,109,14,95,0,0,0,0,0,0,5,31,9,64,0,0,0,0,0,0,0,0,17 基隆市,2 技職
113,1185,德育護理健康學院,N 修,C 二技,669,111,558,0,0,0,0,0,0,62,247,45,302,0,0,0,0,0,0,4,9,17 基隆市,2 技職
113,1185,德育護理健康學院,N 修,2 二專,153,30,123,0,0,17,57,13,62,0,0,0,0,0,0,0,0,0,0,0,4,17 基隆市,2 技職
113,1185,德育護理健康學院,D 日,5 五專,896,213,683,0,0,51,144,56,152,32,130,31,129,33,112,0,0,0,0,10,16,17 基隆市,2 技職
113,1195,馬偕醫學院,D 日,D 博士,13,10,3,0,0,2,1,2,1,1,1,2,0,2,0,1,0,0,0,0,0,01 新北市,1 一般
113,1195,馬偕醫學院,D 日,M 碩士,69,16,53,0,0,6,21,7,22,2,8,1,2,0,0,0,0,0,0,0,0,01 新北市,1 一般
113,1195,馬偕醫學院,N 職,M 碩士,33,7,26,0,0,3,9,2,9,1,6,0,1,1,1,0,0,0,0,0,0,01 新北市,1 一般
113,1195,馬偕醫學院,D 日,B 學士,814,295,519,0,0,74,156,64,120,40,93,53,108,31,16,28,19,0,0,5,7,01 新北市,1 一般
113,1195,馬偕醫學院,N 修,C 二技,57,4,53,0,0,0,0,0,0,1,24,3,29,0,0,0,0,0,0,0,0,01 新北市,2 技職
113,1196,法鼓文理學院,D 日,D 博士,29,14,15,0,0,1,3,4,3,1,2,1,1,3,4,1,0,3,2,0,0,01 新北市,1 一般
113,1196,法鼓文理學院,D 日,M 碩士,243,63,180,0,0,15,40,9,34,20,47,19,59,0,0,0,0,0,0,0,0,01 新北市,1 一般
113,1196,法鼓文理學院,N 職,M 碩士,32,9,23,0,0,6,10,3,13,0,0,0,0,0,0,0,0,0,0,0,0,01 新北市,1 一般
113,1196,法鼓文理學院,D 日,B 學士,51,24,27,0,0,6,7,5,8,7,7,4,5,0,0,0,0,0,0,2,0,01 新北市,1 一般
113,1196,法鼓文理學院,P 進,B 學士,35,5,30,0,0,3,16,2,14,0,0,0,0,0,0,0,0,0,0,0,0,01 新北市,1 一般
113,1282,馬偕醫護管理專科學校,N 修,2 二專,108,55,53,0,0,18,20,20,12,15,21,0,0,0,0,0,0,0,0,2,0,30 臺北市,2 技職
113,1282,馬偕醫護管理專科學校,D 日,5 五專,3938,605,3333,0,0,136,736,135,684,115,654,119,619,74,549,0,0,0,0,26,91,30 臺北市,2 技職
113,1283,仁德醫護管理專科學校,N 修,2 二專,401,198,203,0,0,115,131,77,71,0,0,0,0,0,0,0,0,0,0,6,1,05 苗栗縣,2 技職
113,1283,仁德醫護管理專科學校,D 日,5 五專,5057,1141,3916,0,0,227,663,223,796,215,761,187,710,207,734,0,0,0,0,82,252,05 苗栗縣,2 技職
113,1284,樹人醫護管理專科學校,N 修,2 二專,544,276,268,0,0,125,124,98,93,24,24,26,24,0,0,0,0,0,0,3,3,12 高雄市,2 技職
113,1284,樹人醫護管理專科學校,D 日,5 五專,6669,1384,5285,0,0,359,1118,297,1131,235,1049,249,901,197,941,0,0,0,0,47,145,12 高雄市,2 技職
113,1285,慈惠醫護管理專科學校,D 日,2 二專,53,7,46,0,0,5,16,0,20,0,0,0,0,0,0,0,0,0,0,2,10,13 屏東縣,2 技職
113,1285,慈惠醫護管理專科學校,N 修,2 二專,146,64,82,0,0,20,35,20,25,7,6,11,8,0,0,0,0,0,0,6,8,13 屏東縣,2 技職
113,1285,慈惠醫護管理專科學校,D 日,5 五專,1599,349,1250,0,0,60,184,47,179,63,198,72,267,67,289,0,0,0,0,40,133,13 屏東縣,2 技職
113,1286,耕莘健康管理專科學校,N 修,2 二專,157,16,141,0,0,13,83,3,58,0,0,0,0,0,0,0,0,0,0,0,0,01 新北市,2 技職
113,1286,耕莘健康管理專科學校,D 日,5 五專,3774,404,3370,0,0,80,614,91,683,66,669,70,627,68,612,0,0,0,0,29,165,01 新北市,2 技職
113,1287,敏惠醫護管理專科學校,N 修,2 二專,97,27,70,0,0,15,34,9,32,0,0,0,0,0,0,0,0,0,0,3,4,11 臺南市,2 技職
113,1287,敏惠醫護管理專科學校,D 日,5 五專,3209,446,2763,0,0,80,393,86,530,85,547,88,587,83,571,0,0,0,0,24,135,11 臺南市,2 技職
113,1289,育英醫護管理專科學校,D 日,5 五專,1704,169,1535,0,0,32,258,39,331,31,320,27,265,32,294,0,0,0,0,8,67,50 高雄市,2 技職
113,1291,聖母醫護管理專科學校,N 修,2 二專,121,36,85,0,0,23,75,11,9,0,0,0,0,0,0,0,0,0,0,2,1,02 宜蘭縣,2 技職
113,1291,聖母醫護管理專科學校,D 日,5 五專,1295,210,1085,0,0,53,169,41,209,24,190,34,214,38,227,0,0,0,0,20,76,02 宜蘭縣,2 技職
113,1292,新生醫護管理專科學校,N 修,2 二專,83,10,73,0,0,2,41,8,31,0,0,0,0,0,0,0,0,0,0,0,1,03 桃園市,2 技職
113,1292,新生醫護管理專科學校,D 日,5 五專,5878,763,5115,0,0,167,1022,182,1063,143,993,113,1001,133,933,0,0,0,0,25,103,03 桃園市,2 技職
113,1293,崇仁醫護管理專科學校,D 日,5 五專,2957,469,2488,0,0,96,503,112,504,82,487,89,463,81,473,0,0,0,0,9,58,10 嘉義縣,2 技職
113,3002,臺北市立大學,D 日,D 博士,204,95,109,0,0,15,19,13,9,12,18,18,12,9,19,10,14,18,18,0,0,30 臺北市,1 一般
113,3002,臺北市立大學,D 日,M 碩士,1358,400,958,0,0,129,279,122,248,59,187,51,143,17,53,22,47,0,1,0,0,30 臺北市,1 一般
113,3002,臺北市立大學,N 職,M 碩士,1286,370,916,0,0,124,257,98,253,59,164,37,109,26,62,26,71,0,0,0,0,30 臺北市,1 一般
113,3002,臺北市立大學,D 日,B 學士,5251,2272,2979,0,1,554,740,505,726,529,650,513,710,0,0,0,0,0,0,171,152,30 臺北市,1 一般
